,ids,EggSacs,Nodules,Galls_eggless,Galls,Genotype,Rep,Nema,Rhizo,Rack,id,Anamoly,Map.order,Block.Shelf,Block.Row,Block.Side,Block.Position,Block.Col,Block.HDate,Block.NodPlucker,Biomass.Weighing.Date,Above.ground.biomass,agb.old,old.scale.measurements,Galls_manuscript,Nods,Old...Nod.Count,Really.Old...Galls..pre.stain.,Old...Galls,Old...Immature.Galls,Counter,Scanner,Scan.Date,Below.ground.biomass,Nods.Removed,Notes.Comments,X,X.1
54,id001,13,54,1,14,HM145,1,+,USDA1021,A+,id:1,,16,Top,4,LEFT,FD,5,15-Apr,ADBM,7/2/24,0.0803,0.0803,0.0773,13,17,53,13,16,NA,ADBM,ADBM,6/37/24,NA,15,,,
35,id002,13,15,1,14,HM145,2,+,USDA1021,A+,id:2,,23,Top,5,LEFT,FD,6,15-Apr,ADBM,7/2/24,0.0975,0.0975,0.0963,11,10,10,11,11,NA,ADBM,ADBM,6/37/24,NA,13,,,
36,id003,11,28,3,14,HM145,3,+,USDA1021,A+,id:3,,12,Top,3,LEFT,FD,9,15-Apr,ADBM,7/2/24,0.179,0.179,0.1759,11,35,46,11,18,NA,ADBM,ADBM,6/37/24,NA,18,,,
6,id005,18,44,0,18,HM145,5,+,USDA1021,A+,id:5,,7,Top,2,LEFT,FD,12,15-Apr,ADBM,7/2/24,0.2829,0.2829,0.2776,9,31,45,8,11,NA,ADBM,ADBM,6/37/24,NA,14,,6/12/24,gls
19,id006,2,2,1,3,HM145,6,+,USDA1021,A+,id:6,,33,Top,7,LEFT,FD,3,15-Apr,ADBM,7/2/24,0.0125,0.0125,0.0125,2,1,1,3,2,NA,ADBM,ADBM,6/37/24,NA,3,,,
18,id007,8,43,3,11,HM145,7,+,USDA1021,A+,id:7,,1,Top,2,LEFT,FD,2,15-Apr,ADBM,7/2/24,0.1194,0.1194,0.1103,8,20,45,5,7,NA,ADBM,ADBM,6/37/24,NA,22,,5/28/24,wood lab scale 
327,id008,6,17,1,7,HM145,8,+,USDA1021,A+,id:8,,39,Top,7,LEFT,FD,13,15-Apr,ADBM,7/2/24,0.285,0.285,0.2783,7,17,22,8,5,NA,ADBM,ADBM,6/37/24,NA,19,,,
326,id020,6,26,3,9,HM145,1,+,WSM1022,B+,id:20,,151,Mid,4,LEFT,FD,5,16-Apr,ADBM,5/29/24,0.1326,0.1326,,6,22,26,1,6,NA,ADBM,ADBM,6/27/24,NA,30,,,
328,id021,13,40,2,15,HM145,2,+,WSM1022,B+,id:21,,158,Mid,5,LEFT,FD,6,16-Apr,ADBM,5/29/24,0.1274,0.1274,,12,28,56,7,12,NA,ADBM,ADBM,6/27/24,NA,15,,,
306,id023,2,3,0,2,HM145,4,+,WSM1022,B+,id:23,,164,Mid,6,LEFT,FD,10,16-Apr,ADBM,5/29/24,0.0501,0.0501,,2,3,5,1,2,NA,ADBM,ADBM,6/27/24,NA,15,,,
263,id024,8,43,0,8,HM145,5,+,WSM1022,B+,id:24,,145,Mid,2,LEFT,FD,12,16-Apr,ADBM,5/29/24,0.2018,0.2018,,5,28,45,2,4,NA,ADBM,ADBM,6/28/24,NA,14,,,
261,id025,11,40,0,11,HM145,6,+,WSM1022,B+,id:25,,166,Mid,7,LEFT,FD,3,16-Apr,ADBM,5/29/24,0.281,0.281,,7,34,41,5,7,NA,ADBM,ADBM,6/28/24,NA,18,,,
284,id026,3,19,1,4,HM145,7,+,WSM1022,B+,id:26,,140,Mid,2,LEFT,FD,2,16-Apr,ADBM,5/29/24,0.2832,0.2832,,2,18,20,0,2,NA,ADBM,ADBM,6/28/24,NA,27,,,
286,id027,10,16,7,17,HM145,8,+,WSM1022,B+,id:27,,171,Mid,7,LEFT,FD,13,16-Apr,ADBM,5/29/24,0.1935,0.1935,,4,10,20,3,4,NA,ADBM,ADBM,6/28/24,NA,24,,,
348,id039,0,25,0,0,HM145,1,-,USDA1021,A-,id:39,,505,Mid,4,RIGHT,MB,5,17-Apr,ADBM,6/21/24,0.3194,0.3194,,NA,23,24,NA,NA,NA,ADBM,ADBM,6/27/24,NA,32,,,
535,id040,0,13,0,0,HM145,2,-,USDA1021,A-,id:40,,512,Mid,5,RIGHT,MB,6,17-Apr,ADBM,6/21/24,0.0405,0.0405,,NA,9,13,NA,NA,NA,ADBM,CZ,6/27/24,NA,23,,,
539,id041,0,15,0,0,HM145,3,-,USDA1021,A-,id:41,,501,Mid,3,RIGHT,MB,9,17-Apr,ADBM,6/21/24,0.2151,0.2151,,NA,17,17,NA,NA,NA,ADBM,ADBM,6/27/24,NA,34,,,
560,id042,0,11,0,0,HM145,4,-,USDA1021,A-,id:42,,520,Mid,6,RIGHT,MB,10,17-Apr,ADBM,6/21/24,0.2554,0.2554,,NA,13,16,NA,NA,NA,ADBM,CZ,6/27/24,NA,36,,,
555,id043,0,18,0,0,HM145,5,-,USDA1021,A-,id:43,,496,Mid,2,RIGHT,MB,12,17-Apr,ADBM,6/21/24,0.0764,0.0764,,NA,12,19,NA,NA,NA,ADBM,ADBM,6/28/24,NA,15,,,
513,id044,0,16,0,0,HM145,6,-,USDA1021,A-,id:44,,522,Mid,7,RIGHT,MB,3,17-Apr,ADBM,6/21/24,0.0794,0.0794,,NA,13,20,NA,NA,NA,ADBM,CZ,6/27/24,NA,32,,,
512,id045,0,14,0,0,HM145,7,-,USDA1021,A-,id:45,,490,Mid,2,RIGHT,MB,2,17-Apr,ADBM,6/21/24,0.2665,0.2665,,NA,13,14,NA,NA,NA,ADBM,ADBM,6/27/24,NA,30,,,
492,id046,0,25,0,0,HM145,8,-,USDA1021,A-,id:46,,528,Mid,7,RIGHT,MB,13,17-Apr,ADBM,6/21/24,0.1627,0.1627,,NA,24,28,NA,NA,NA,ADBM,ADBM,6/27/24,NA,38,,,
428,id058,0,20,0,0,HM145,1,-,WSM1022,B-,id:58,,609,Bot,4,RIGHT,MB,5,18-Apr,ADBM,6/21/24,0.279,0.279,,NA,19,21,NA,NA,NA,ADBM,CZ,,NA,26,,,
453,id060,0,21,0,0,HM145,3,-,WSM1022,B-,id:60,,605,Bot,3,RIGHT,MB,9,18-Apr,ADBM,6/21/24,0.2793,0.2793,,NA,13,17,NA,NA,NA,ADBM,CZ,,NA,36,,,
451,id061,0,10,0,0,HM145,4,-,WSM1022,B-,id:61,,622,Bot,6,RIGHT,MB,10,18-Apr,ADBM,6/21/24,0.0486,0.0486,,NA,8,9,NA,NA,NA,ADBM,CZ,,NA,31,,,
472,id062,0,20,0,0,HM145,5,-,WSM1022,B-,id:62,,602,Bot,2,RIGHT,MB,12,18-Apr,ADBM,6/21/24,0.0876,0.0876,,NA,13,21,NA,NA,NA,ADBM,CZ,,NA,43,,,
473,id063,0,12,0,0,HM145,6,-,WSM1022,B-,id:63,,625,Bot,7,RIGHT,MB,3,18-Apr,ADBM,6/21/24,0.15,0.15,,NA,13,17,NA,NA,NA,ADBM,CZ,,NA,52,,,
429,id064,0,31,0,0,HM145,7,-,WSM1022,B-,id:64,,597,Bot,2,RIGHT,MB,2,18-Apr,ADBM,6/21/24,0.0542,0.0542,,NA,25,37,NA,NA,NA,ADBM,ADBM,6/27/24,NA,28,,,
433,id065,0,15,0,0,HM145,8,-,WSM1022,B-,id:65,,630,Bot,7,RIGHT,MB,13,18-Apr,ADBM,6/21/24,0.1924,0.1924,,NA,8,16,NA,NA,NA,ADBM,ADBM,6/27/24,NA,36,,,
475,id077,0,14,0,0,HM049,1,-,D,D-,id:77,,50,Top,4,LEFT,MD,5,15-Apr,ADBM,,0.0288,,0.0288,NA,NA,NA,NA,NA,NA,,,,NA,19,,,
515,id078,0,30,0,0,HM049,2,-,D,D-,id:78,,57,Top,5,LEFT,MD,6,15-Apr,ADBM,,0.0206,,0.0205,NA,NA,NA,NA,NA,NA,,,,NA,13,,,
511,id079,0,34,0,0,HM049,3,-,D,D-,id:79,,47,Top,3,LEFT,MD,9,15-Apr,ADBM,,0.0328,,0.0316,NA,NA,NA,NA,NA,NA,,,,NA,14,,,
558,id081,0,55,0,0,HM049,5,-,D,D-,id:81,,44,Top,2,LEFT,MD,12,15-Apr,ADBM,,0.1001,,0.0994,NA,NA,NA,NA,NA,NA,,,,NA,14,,,
537,id082,0,29,0,0,HM049,6,-,D,D-,id:82,,67,Top,7,LEFT,MD,3,15-Apr,ADBM,,0.1126,,0.1083,NA,NA,NA,NA,NA,NA,,,,NA,20,,,
210,id083,47,33,8,55,HM049,1,+,D,D+,id:83,,574,Bot,4,RIGHT,FB,5,18-Apr,ADBM,5/31/24,0.1763,0.1763,,NA,NA,NA,NA,NA,NA,,,,NA,31,,,
152,id084,64,28,7,71,HM049,2,+,D,D+,id:84,,581,Bot,5,RIGHT,FB,9,18-Apr,ADBM,5/31/24,0.0805,0.0805,,NA,NA,NA,NA,NA,NA,,,,NA,33,,,
151,id085,50,82,3,53,HM049,3,+,D,D+,id:85,,570,Bot,3,RIGHT,FB,9,18-Apr,ADBM,5/31/24,0.133,0.133,,NA,NA,NA,NA,NA,NA,,,,NA,26,,,
179,id086,23,20,0,23,HM049,4,+,D,D+,id:86,,588,Bot,6,RIGHT,FB,10,18-Apr,ADBM,5/31/24,0.1008,0.1008,,NA,NA,NA,NA,NA,NA,,,,NA,34,,,
182,id087,2,63,0,2,HM049,5,+,D,D+,id:87,,567,Bot,2,RIGHT,FB,12,18-Apr,ADBM,5/31/24,0.0925,0.0925,,NA,NA,NA,NA,NA,NA,,,,NA,47,,,
129,id088,13,29,6,19,HM049,6,+,D,D+,id:88,,591,Bot,7,RIGHT,FB,3,18-Apr,ADBM,5/31/24,0.2093,0.2093,,NA,NA,NA,NA,NA,NA,,,,NA,26,,,
128,id089,53,23,3,56,HM049,7,+,D,D+,id:89,,562,Bot,2,RIGHT,FB,2,18-Apr,ADBM,5/31/24,0.0834,0.0834,,NA,NA,NA,NA,NA,NA,,,,NA,27,,,
153,id090,36,47,9,45,HM049,8,+,D,D+,id:90,,596,Bot,7,RIGHT,FB,13,18-Apr,ADBM,5/31/24,0.2884,0.2884,,NA,NA,NA,NA,NA,NA,,,,NA,26,,,
150,id091,27,21,5,32,HM049,1,+,C,C+,id:91,,291,Bot,4,LEFT,FD,5,17-Apr,ADBM,6/7/24,0.1257,0.1257,,NA,NA,NA,NA,NA,NA,,,,NA,23,,,
180,id092,18,4,9,27,HM049,2,+,C,C+,id:92,,298,Bot,5,LEFT,FD,6,17-Apr,ADBM,6/7/24,0.2191,0.2191,,NA,NA,NA,NA,NA,NA,,,,NA,20,,,
181,id093,4,23,0,4,HM049,3,+,C,C+,id:93,,287,Bot,3,LEFT,FD,9,17-Apr,ADBM,6/7/24,0.2776,0.2776,,NA,NA,NA,NA,NA,NA,,,,NA,27,,,
237,id094,5,12,1,6,HM049,4,+,C,C+,id:94,,305,Bot,6,LEFT,FD,10,17-Apr,EY,6/7/24,0.1381,0.1381,,NA,NA,NA,NA,NA,NA,,,,NA,15,,,
238,id095,59,20,4,63,HM049,5,+,C,C+,id:95,,282,Bot,2,LEFT,FD,12,17-Apr,ADBM,6/7/24,0.186,0.186,,NA,NA,NA,NA,NA,NA,,,,NA,23,,,
211,id096,29,32,14,43,HM049,6,+,C,C+,id:96,,308,Bot,7,LEFT,FD,3,17-Apr,ADBM,6/7/24,0.2027,0.2027,,NA,NA,NA,NA,NA,NA,,,,NA,NA,,,
536,id097,0,8,0,0,HM049,1,-,C,C-,id:97,,396,Top,4,RIGHT,MB,5,17-Apr,MC,6/10/24,0.0293,0.0293,,NA,NA,NA,NA,NA,NA,,,,NA,17,,,
409,id098,0,39,0,0,HM049,2,-,C,C-,id:98,,403,Top,5,RIGHT,MB,6,17-Apr,MC,6/10/24,0.0481,0.0481,,NA,NA,NA,NA,NA,NA,,,,NA,18,,,
410,id099,0,18,0,0,HM049,3,-,C,C-,id:99,,392,Top,3,RIGHT,MB,9,17-Apr,ADBM,6/10/24,0.0571,0.0571,,NA,NA,NA,NA,NA,NA,,,,NA,27,,,
461,id100,0,25,0,0,HM049,4,-,C,C-,id:100,,410,Top,6,RIGHT,MB,10,17-Apr,MC,6/10/24,0.0772,0.0772,,NA,NA,NA,NA,NA,NA,,,,NA,24,,,
444,id101,0,22,0,0,HM049,5,-,C,C-,id:101,,389,Top,2,RIGHT,MB,12,17-Apr,CYC,6/10/24,0.0387,0.0387,,NA,NA,NA,NA,NA,NA,,,,NA,20,,,
463,id102,0,7,0,0,HM049,6,-,C,C-,id:102,,413,Top,7,RIGHT,MB,3,17-Apr,MC,6/10/24,0.0558,0.0558,,NA,NA,NA,NA,NA,NA,,,,NA,16,,,
137,id103,42,41,20,62,HM049,1,+,WSM1022,B+,id:103,,157,Mid,5,LEFT,FD,5,16-Apr,ADBM,5/29/24,0.1504,0.1504,,NA,NA,NA,NA,NA,NA,,,,NA,26,,,
84,id104,36,47,12,48,HM049,2,+,WSM1022,B+,id:104,,152,Mid,4,LEFT,FD,6,16-Apr,ADBM,5/29/24,0.0787,0.0787,,NA,NA,NA,NA,NA,NA,,,,NA,7,,,
101,id105,21,17,6,27,HM049,3,+,WSM1022,B+,id:105,,163,Mid,6,LEFT,FD,9,16-Apr,ADBM,5/29/24,0.1244,0.1244,,NA,NA,NA,NA,NA,NA,,,,NA,25,,,
81,id106,14,45,13,27,HM049,4,+,WSM1022,B+,id:106,,148,Mid,3,LEFT,FD,10,16-Apr,ADBM,5/29/24,0.1417,0.1417,,NA,NA,NA,NA,NA,NA,,,,NA,24,,,
66,id107,37,52,14,51,HM049,5,+,WSM1022,B+,id:107,,141,Mid,2,LEFT,FD,3,16-Apr,ADBM,5/29/24,0.1096,0.1096,,NA,NA,NA,NA,NA,NA,,,,NA,24,,,
199,id108,19,33,10,29,HM049,6,+,WSM1022,B+,id:108,,170,Mid,7,LEFT,FD,12,16-Apr,ADBM,5/29/24,0.201,0.201,,NA,NA,NA,NA,NA,NA,,,,NA,16,,,
221,id109,46,45,10,56,HM049,7 (1),+,WSM1022,B+,id:109,Anomaly - Replacement,142,Mid,2,LEFT,FD,5,16-Apr,ADBM,5/29/24,0.0903,0.0903,,NA,NA,NA,NA,NA,NA,,,,NA,20,,,
83,id110,25,42,13,38,HM049,8 (2),+,WSM1022,B+,id:110,Replacement,168,Mid,7,LEFT,FD,6,16-Apr,ADBM,5/29/24,0.2203,0.2203,,NA,NA,NA,NA,NA,NA,,,,NA,23,,,
102,id111,27,29,12,39,HM049,9 (3),+,WSM1022,B+,id:111,Replacement,153,Mid,4,LEFT,FD,9,16-Apr,ADBM,5/29/24,0.1986,0.1986,,NA,NA,NA,NA,NA,NA,,,,NA,18,,,
80,id112,25,29,4,29,HM049,10 (4),+,WSM1022,B+,id:112,Replacement,160,Mid,5,LEFT,FD,10,16-Apr,ADBM,5/29/24,0.0357,0.0357,,NA,NA,NA,NA,NA,NA,,,,NA,12,,,
67,id113,6,16,6,12,HM049,11 (5),+,WSM1022,B+,id:113,Replacement,161,Mid,6,LEFT,FD,3,16-Apr,ADBM,5/29/24,0.1111,0.1111,,NA,NA,NA,NA,NA,NA,,,,NA,24,,,
119,id114,37,8,5,42,HM049,12 (6),+,WSM1022,B+,id:114,Replacement,149,Mid,3,LEFT,FD,12,16-Apr,ADBM,5/29/24,0.09,0.09,,NA,NA,NA,NA,NA,NA,,,,NA,17,,,
443,id115,0,40,0,0,HM138,1,-,D,D-,id:115,,56,Top,5,LEFT,MD,5,15-Apr,ADBM,,0.09,,0.09,NA,NA,NA,NA,NA,NA,,,,NA,12,,,
464,id116,0,25,0,0,HM138,2,-,D,D-,id:116,,51,Top,4,LEFT,MD,6,15-Apr,ADBM,,0.0973,,0.0975,NA,NA,NA,NA,NA,NA,,,,NA,12,,,
483,id117,0,33,0,0,HM138,3,-,D,D-,id:117,,63,Top,6,LEFT,MD,9,15-Apr,ADBM,,0.084,,0.0823,NA,NA,NA,NA,NA,NA,,,,NA,21,,,
524,id118,0,22,0,0,HM138,4,-,D,D-,id:118,,48,Top,3,LEFT,MD,10,15-Apr,ADBM,,0.1032,,0.1043,NA,NA,NA,NA,NA,NA,,,,NA,16,,,
525,id120,0,21,0,0,HM138,6,-,D,D-,id:120,,71,Top,7,LEFT,MD,12,15-Apr,ADBM,,0.0895,,0.0832,NA,NA,NA,NA,NA,NA,,,,NA,10,,,
222,id121,12,4,2,14,HM138,1,+,D,D+,id:121,,580,Bot,5,RIGHT,FB,6,18-Apr,ADBM,5/31/24,0.0358,0.0358,,NA,NA,NA,NA,NA,NA,,,,NA,10,,,
249,id122,35,38,17,52,HM138,2,+,D,D+,id:122,,575,Bot,4,RIGHT,FB,6,18-Apr,ADBM,5/31/24,0.1045,0.1045,,NA,NA,NA,NA,NA,NA,,,,NA,29,,,
225,id123,22,36,9,31,HM138,3,+,D,D+,id:123,,587,Bot,6,RIGHT,FB,9,18-Apr,ADBM,5/31/24,0.1402,0.1402,,NA,NA,NA,NA,NA,NA,,,,NA,26,,,
195,id124,41,16,13,54,HM138,4,+,D,D+,id:124,,571,Bot,3,RIGHT,FB,10,18-Apr,ADBM,5/31/24,0.1083,0.1083,,NA,NA,NA,NA,NA,NA,,,,NA,34,,,
168,id125,47,29,17,64,HM138,5,+,D,D+,id:125,,563,Bot,2,RIGHT,FB,3,18-Apr,ADBM,5/31/24,0.1832,0.1832,,NA,NA,NA,NA,NA,NA,,,,NA,24,,,
139,id126,30,28,14,44,HM138,6,+,D,D+,id:126,,595,Bot,7,RIGHT,FB,12,18-Apr,ADBM,5/31/24,0.1677,0.1677,,NA,NA,NA,NA,NA,NA,,,,NA,18,,,
500,id127,0,18,0,0,HM138,1,-,E,E-,id:127,,184,Mid,4,LEFT,MD,5,16-Apr,ADBM,5/30/24,0.1406,0.1406,,NA,NA,NA,NA,NA,NA,,,,NA,10,,,
445,id129,0,34,0,0,HM138,3,-,E,E-,id:129,,181,Mid,3,LEFT,MD,9,16-Apr,EY,5/30/24,0.2147,0.2147,,NA,NA,NA,NA,NA,NA,,,,NA,19,,,
522,id130,0,38,0,0,HM138,4,-,E,E-,id:130,,197,Mid,6,LEFT,MD,10,16-Apr,EY,5/30/24,0.1258,0.1258,,NA,NA,NA,NA,NA,NA,,,,NA,17,,,
502,id131,0,9,0,0,HM138,5,-,E,E-,id:131,,176,Mid,2,LEFT,MD,12,16-Apr,ADBM,5/30/24,0.1691,0.1691,,NA,NA,NA,NA,NA,NA,,,,NA,19,,,
485,id132,0,23,0,0,HM138,6,-,E,E-,id:132,,200,Mid,7,LEFT,MD,3,16-Apr,ADBM,5/30/24,0.1587,0.1587,,NA,NA,NA,NA,NA,NA,,,,NA,20,,,
166,id133,18,12,0,18,HM138,1,+,E,E+,id:133,,363,Top,4,RIGHT,FB,5,17-Apr,ADBM,6/10/24,0.0069,0.0069,,NA,NA,NA,NA,NA,NA,,,,NA,0,,,
198,id134,38,23,11,49,HM138,2,+,E,E+,id:134,,370,Top,5,RIGHT,FB,6,17-Apr,,6/10/24,0.0862,0.0862,,NA,NA,NA,NA,NA,NA,,,,NA,NA,,,
224,id135,40,27,8,48,HM138,3,+,E,E+,id:135,,359,Top,3,RIGHT,FB,9,17-Apr,ADBM,6/10/24,0.1302,0.1302,,NA,NA,NA,NA,NA,NA,,,,NA,14,,,
247,id136,17,26,3,20,HM138,4,+,E,E+,id:136,,377,Top,6,RIGHT,FB,10,17-Apr,EY,6/10/24,0.1288,0.1288,,NA,NA,NA,NA,NA,NA,,,,NA,15,,,
226,id137,8,14,0,8,HM138,5,+,E,E+,id:137,,354,Top,2,RIGHT,FB,12,17-Apr,EY,6/10/24,0.0874,0.0874,,NA,NA,NA,NA,NA,NA,,,,NA,16,,,
82,id138,0,8,2,2,HM138,6,+,E,E+,id:138,,380,Top,7,RIGHT,FB,3,17-Apr,CYC,6/10/24,0.0491,0.0491,,NA,NA,NA,NA,NA,NA,,,,NA,13,,,
441,id139,0,30,0,0,HM138,1,-,C,C-,id:139,,402,Top,5,RIGHT,MB,5,17-Apr,CYC,6/10/24,,,,NA,NA,NA,NA,NA,NA,,,,NA,13,,,
636,id140,0,12,0,0,HM138,2,-,C,C-,id:140,,397,Top,4,RIGHT,MB,6,17-Apr,ADBM,6/10/24,0.0924,0.0924,,NA,NA,NA,NA,NA,NA,,,,NA,20,,,
657,id141,0,23,0,0,HM138,3,-,C,C-,id:141,,409,Top,6,RIGHT,MB,9,17-Apr,CYC,6/10/24,0.1216,0.1216,,NA,NA,NA,NA,NA,NA,,,,NA,24,,,
633,id142,0,25,0,0,HM138,4,-,C,C-,id:142,,393,Top,3,RIGHT,MB,10,17-Apr,MC,6/10/24,0.0706,0.0706,,NA,NA,NA,NA,NA,NA,,,,NA,27,,,
613,id143,0,4,0,0,HM138,5,-,C,C-,id:143,,385,Top,2,RIGHT,MB,3,17-Apr,MC,6/10/24,0.0618,0.0618,,NA,NA,NA,NA,NA,NA,,,,NA,20,,,
589,id144,0,28,0,0,HM138,6,-,C,C-,id:144,,417,Top,7,RIGHT,MB,12,17-Apr,ADBM,6/10/24,0.1461,0.1461,,NA,NA,NA,NA,NA,NA,,,,NA,20,,,
252,id145,19,8,7,26,HM138,1,+,C,C+,id:145,,297,Bot,5,LEFT,FD,5,17-Apr,ADBM,6/7/24,0.0994,0.0994,,NA,NA,NA,NA,NA,NA,,,,NA,19,,,
275,id146,42,44,7,49,HM138,2,+,C,C+,id:146,,292,Bot,4,LEFT,FD,6,17-Apr,ADBM,6/7/24,0.2216,0.2216,,NA,NA,NA,NA,NA,NA,,,,NA,17,,,
295,id147,27,29,2,29,HM138,3,+,C,C+,id:147,,304,Bot,6,LEFT,FD,9,17-Apr,ADBM,6/7/24,0.1055,0.1055,,NA,NA,NA,NA,NA,NA,,,,NA,15,,,
62,id148,42,16,0,42,HM138,4,+,C,C+,id:148,,288,Bot,3,LEFT,FD,10,17-Apr,ADBM,6/7/24,0.0667,0.0667,,NA,NA,NA,NA,NA,NA,,,,NA,23,,,
48,id149,43,36,12,55,HM138,5,+,C,C+,id:149,,278,Bot,2,LEFT,FD,3,17-Apr,ADBM,6/7/24,0.2741,0.2741,,NA,NA,NA,NA,NA,NA,,,,NA,27,,,
270,id150,35,15,7,42,HM138,6,+,C,C+,id:150,,312,Bot,7,LEFT,FD,12,17-Apr,ADBM,6/7/24,0.1412,0.1412,,NA,NA,NA,NA,NA,NA,,,,NA,19,,,
253,id151,32,24,16,48,HM138,7,+,C,C+,id:151,,283,Bot,2,LEFT,FD,13,17-Apr,ADBM,6/7/24,0.1356,0.1356,,NA,NA,NA,NA,NA,NA,,,,NA,24,,,
590,id152,0,43,0,0,HM012,1,-,D,D-,id:152,,41,Top,2,LEFT,MD,5,15-Apr,ADBM,,0.0862,,0.0759,NA,NA,NA,NA,NA,NA,,,,NA,18,above ground biomass might be incorrect,,
609,id153,0,33,0,0,HM012,2,-,D,D-,id:153,,69,Top,7,LEFT,MD,6,15-Apr,ADBM,,0.0686,,0.068,NA,NA,NA,NA,NA,NA,,,,NA,23,,,
638,id154,0,37,0,0,HM012,3,-,D,D-,id:154,,52,Top,4,LEFT,MD,9,15-Apr,ADBM,,0.0135,,0.0136,NA,NA,NA,NA,NA,NA,,,,NA,7,,,
656,id155,0,89,0,0,HM012,4,-,D,D-,id:155,,59,Top,5,LEFT,MD,10,15-Apr,ADBM,,0.041,,0.0404,NA,NA,NA,NA,NA,NA,,,,NA,16,,,
634,id156,0,51,0,0,HM012,5,-,D,D-,id:156,,61,Top,6,LEFT,MD,3,15-Apr,ADBM,,0.1552,,0.156,NA,NA,NA,NA,NA,NA,,,,NA,17,,,
611,id157,0,12,0,0,HM012,6,-,D,D-,id:157,,49,Top,3,LEFT,MD,12,15-Apr,ADBM,,0.1954,,0.2,NA,NA,NA,NA,NA,NA,,,,NA,12,,,
337,id158,0,11,0,0,HM012,7,-,D,D-,id:158,,66,Top,6,LEFT,MD,13,15-Apr,ADBM,,0.011,,0.0101,NA,NA,NA,NA,NA,NA,,,,NA,12,,,
12,id159,4,8,2,6,HM012,1,+,D,D+,id:159,,564,Bot,2,RIGHT,FB,5,18-Apr,ADBM,5/31/24,0.2068,0.2068,,NA,NA,NA,NA,NA,NA,,,,NA,22,,,
64,id160,5,21,1,6,HM012,2,+,D,D+,id:160,,593,Bot,7,RIGHT,FB,6,18-Apr,ADBM,5/31/24,0.062,0.062,,NA,NA,NA,NA,NA,NA,,,,NA,20,,,
47,id161,7,22,10,17,HM012,3,+,D,D+,id:161,,576,Bot,4,RIGHT,FB,9,18-Apr,ADBM,5/31/24,0.2859,0.2859,,NA,NA,NA,NA,NA,NA,,,,NA,22,,,
27,id162,5,81,1,6,HM012,4,+,D,D+,id:162,,583,Bot,5,RIGHT,FB,12,18-Apr,ADBM,5/31/24,0.0928,0.0928,,NA,NA,NA,NA,NA,NA,,,,NA,31,,,
45,id163,5,12,1,6,HM012,5,+,D,D+,id:163,,585,Bot,6,RIGHT,FB,3,18-Apr,ADBM,5/31/24,0.2284,0.2284,,NA,NA,NA,NA,NA,NA,,,,NA,28,,,
1,id164,41,28,3,44,HM012,6,+,D,D+,id:164,,572,Bot,3,RIGHT,FB,12,18-Apr,ADBM,5/31/24,0.1004,0.1004,,NA,NA,NA,NA,NA,NA,,,,NA,24,,,
11,id165,5,9,1,6,HM012,7,+,D,D+,id:165,,590,Bot,6,RIGHT,FB,13,18-Apr,ADBM,5/31/24,0.1867,0.1867,,NA,NA,NA,NA,NA,NA,,,,NA,26,,,
375,id166,0,17,0,0,HM012,1,-,E,E-,id:166,,190,Mid,5,LEFT,MD,5,16-Apr,ADBM,5/30/24,0.2216,0.2216,,NA,NA,NA,NA,NA,NA,,,,NA,20,,,
360,id167,0,21,0,0,HM012,2,-,E,E-,id:167,,185,Mid,4,LEFT,MD,6,16-Apr,EY,5/30/24,0.1317,0.1317,,NA,NA,NA,NA,NA,NA,,,,NA,17,,,
671,id168,NA,NA,NA,NA,HM012,3,-,E,E-,id:168,,196,Mid,6,LEFT,MD,9,16-Apr,ADBM,5/30/24,0.1258,0.1258,,NA,NA,NA,NA,NA,NA,,,,NA,26,,,
406,id168p1,0,20,0,0,HM012,3,-,E,E-,id:168,,196,Mid,6,LEFT,MD,9,16-Apr,ADBM,5/30/24,,,,NA,NA,NA,NA,NA,NA,,,,NA,26,,,
427,id168p2,0,5,0,0,HM012,3,-,E,E-,id:168,,196,Mid,6,LEFT,MD,9,16-Apr,ADBM,5/30/24,,,,NA,NA,NA,NA,NA,NA,,,,NA,26,,,
435,id168p3,0,28,0,0,HM012,3,-,E,E-,id:168,,196,Mid,6,LEFT,MD,9,16-Apr,ADBM,5/30/24,,,,NA,NA,NA,NA,NA,NA,,,,NA,26,,,
654,id169,0,30,0,0,HM012,4,-,E,E-,id:169,,182,Mid,3,LEFT,MD,10,16-Apr,ADBM,5/30/24,0.1116,0.1116,,NA,NA,NA,NA,NA,NA,,,,NA,15,,,
339,id170,0,44,0,0,HM012,5,-,E,E-,id:170,,172,Mid,2,LEFT,MD,3,16-Apr,ADBM,5/30/24,0.1133,0.1133,,NA,NA,NA,NA,NA,NA,,,,NA,24,,,
356,id171,0,26,0,0,HM012,6,-,E,E-,id:171,,204,Mid,7,LEFT,MD,12,16-Apr,ADBM,5/30/24,0.1656,0.1656,,NA,NA,NA,NA,NA,NA,,,,NA,28,,,
378,id172,0,23,0,0,HM012,7,-,E,E-,id:172,,177,Mid,2,LEFT,MD,13,16-Apr,EY,5/30/24,0.0522,0.0522,,NA,NA,NA,NA,NA,NA,,,,NA,15,,,
13,id173,30,21,0,30,HM012,1,+,E,E+,id:173,,369,Top,5,RIGHT,FB,5,17-Apr,ADBM,6/10/24,0.0316,0.0316,,NA,NA,NA,NA,NA,NA,,,,NA,26,,,
63,id174,22,19,1,23,HM012,2,+,E,E+,id:174,,364,Top,4,RIGHT,FB,6,17-Apr,EY,6/10/24,0.0424,0.0424,,NA,NA,NA,NA,NA,NA,,,,NA,19,,,
25,id176,13,29,1,14,HM012,4,+,E,E+,id:176,,360,Top,3,RIGHT,FB,10,17-Apr,ADBM,6/10/24,0.0314,0.0314,,NA,NA,NA,NA,NA,NA,,,,NA,21,,,
46,id177,25,26,1,26,HM012,5,+,E,E+,id:177,,350,Top,2,RIGHT,FB,3,17-Apr,EY,6/10/24,0.0518,0.0518,,NA,NA,NA,NA,NA,NA,,,,NA,13,,,
273,id178,10,22,3,13,HM012,6,+,E,E+,id:178,,384,Top,7,RIGHT,FB,12,17-Apr,EY,6/10/24,0.0974,0.0974,,NA,NA,NA,NA,NA,NA,,,,NA,17,,,
250,id179,17,22,2,19,HM012,7,+,E,E+,id:179,,355,Top,2,RIGHT,FB,13,17-Apr,ADBM,6/10/24,0.0277,0.0277,,NA,NA,NA,NA,NA,NA,,,,NA,18,,,
615,id180,0,15,0,0,HM012,1,-,F,F-,id:180,,326,Bot,4,LEFT,MD,5,17-Apr,ADBM,6/10/24,0.2484,0.2484,,NA,NA,NA,NA,NA,NA,,,,NA,24,,,
631,id181,0,7,0,0,HM012,2,-,F,F-,id:181,,333,Bot,5,LEFT,MD,6,17-Apr,EY,6/7/24,0.0376,0.0376,,NA,NA,NA,NA,NA,NA,,,,NA,14,,,
639,id183,0,19,0,0,HM012,4,-,F,F-,id:183,,341,Bot,6,LEFT,MD,10,17-Apr,EY,6/7/24,0.1527,0.1527,,NA,NA,NA,NA,NA,NA,,,,NA,26,,,
607,id184,0,49,0,0,HM012,5,-,F,F-,id:184,,318,Bot,2,LEFT,MD,12,17-Apr,ADBM,6/10/24,0.0471,0.0471,,NA,NA,NA,NA,NA,NA,,,,NA,13,,,
592,id185,0,59,0,0,HM012,6,-,F,F-,id:185,,345,Bot,7,LEFT,MD,3,17-Apr,EY,6/7/24,0.0964,0.0964,,NA,NA,NA,NA,NA,NA,,,,NA,27,,,
269,id187,19,7,4,23,HM012,1,+,F,F+,id:187,,468,Mid,4,RIGHT,FB,5,19-Apr,EYE,5/31/24,0.1138,0.1138,,NA,NA,NA,NA,NA,NA,,,,NA,24,,,
42,id188,8,6,1,9,HM012,2,+,F,F+,id:188,,475,Mid,5,RIGHT,FB,6,19-Apr,EY,5/31/24,0.1398,0.1398,,NA,NA,NA,NA,NA,NA,,,,NA,30,,,
29,id189,3,86,1,4,HM012,3,+,F,F+,id:189,,465,Mid,3,RIGHT,FB,9,19-Apr,EY,5/31/24,0.0786,0.0786,,NA,NA,NA,NA,NA,NA,,,,NA,15,,,
294,id190,5,46,0,5,HM012,4,+,F,F+,id:190,,481,Mid,6,RIGHT,FB,10,19-Apr,EY,5/31/24,0.0383,0.0383,,NA,NA,NA,NA,NA,NA,,,,NA,21,,,
276,id191,1,1,2,3,HM012,5,+,F,F+,id:191,,461,Mid,2,RIGHT,FB,12,19-Apr,EY,5/31/24,0.1191,0.1191,,NA,NA,NA,NA,NA,NA,,,,NA,22,,,
255,id192,1,29,0,1,HM012,6,+,F,F+,id:192,,485,Mid,7,RIGHT,FB,3,19-Apr,EY,5/31/24,0.0987,0.0987,,NA,NA,NA,NA,NA,NA,,,,NA,28,,,
268,id193,8,46,2,10,HM012,7,+,F,F+,id:193,,456,Mid,2,RIGHT,FB,2,19-Apr,EY,5/31/24,0.1208,0.1208,,NA,NA,NA,NA,NA,NA,,,,NA,17,,,
298,id194,8,15,4,12,HM052,1,+,G,G+,id:194,,84,Top,4,LEFT,MB,5,15-Apr,ADBM,5/29/24,0.1337,0.1337,,NA,NA,NA,NA,NA,NA,,,,NA,20,,,
314,id195,16,16,6,22,HM052,2,+,G,G+,id:195,,91,Top,5,LEFT,MB,6,16-Apr,ADBM,5/29/24,0.0259,0.0259,,NA,NA,NA,NA,NA,NA,,,,NA,18,,,
335,id196,14,20,4,18,HM052,3,+,G,G+,id:196,,81,Top,3,LEFT,MB,9,15-Apr,ADBM,5/29/24,0.0376,0.0376,,NA,NA,NA,NA,NA,NA,,,,NA,15,,,
317,id197,5,7,3,8,HM052,4,+,G,G+,id:197,,97,Top,6,LEFT,MB,10,16-Apr,ADBM,5/31/24,0.0248,0.0248,,NA,NA,NA,NA,NA,NA,,,,NA,1,,,
14,id198,5,13,1,6,HM052,5,+,G,G+,id:198,,77,Top,2,LEFT,MB,12,15-Apr,ADBM,5/29/24,0.0663,0.0663,,NA,NA,NA,NA,NA,NA,,,,NA,16,,,
23,id199,34,10,3,37,HM052,6,+,G,G+,id:199,,100,Top,7,LEFT,MB,3,16-Apr,ADBM,5/31/24,0.0553,0.0553,,NA,NA,NA,NA,NA,NA,,,,NA,13,,,
33,id200,7,0,1,8,HM052,7,+,G,G+,id:200,,72,Top,2,LEFT,MB,2,15-Apr,ADBM,5/29/24,0.0273,0.0273,,NA,NA,NA,NA,NA,NA,,,,NA,12,,,
39,id201,12,18,7,19,HM052,8,+,G,G+,id:201,,105,Top,7,LEFT,MB,13,16-Apr,ADBM,5/31/24,0.1273,0.1273,,NA,NA,NA,NA,NA,NA,,,,NA,10,,,
394,id202,0,15,0,0,HM052,1,-,G,G-,id:202,,540,Mid,4,RIGHT,FD,5,18-Apr,ADBM,6/12/24,0.1804,0.1804,,NA,NA,NA,NA,NA,NA,,,,NA,37,,,
391,id203,0,43,0,0,HM052,2,-,G,G-,id:203,,547,Mid,5,RIGHT,FD,6,18-Apr,ADBM,6/12/24,0.2674,0.2674,,NA,NA,NA,NA,NA,NA,,,,NA,35,,,
369,id204,0,32,0,0,HM052,3,-,G,G-,id:204,,537,Mid,3,RIGHT,FD,9,18-Apr,CYC,6/12/24,0.1411,0.1411,,NA,NA,NA,NA,NA,NA,,,,NA,33,,,
365,id205,0,15,0,0,HM052,4,-,G,G-,id:205,,553,Mid,6,RIGHT,FD,10,18-Apr,CYC,6/12/24,0.1127,0.1127,,NA,NA,NA,NA,NA,NA,,,,NA,22,,,
347,id206,0,21,0,0,HM052,5,-,G,G-,id:206,,534,Mid,2,RIGHT,FD,12,18-Apr,ADBM,6/12/24,0.1172,0.1172,,NA,NA,NA,NA,NA,NA,,,,NA,29,,,
350,id207,0,23,0,0,HM052,6,-,G,G-,id:207,,556,Mid,7,RIGHT,FD,3,18-Apr,ADBM,6/12/24,0.0669,0.0669,,NA,NA,NA,NA,NA,NA,,,,NA,25,,,
625,id208,0,5,0,0,HM052,7,-,G,G-,id:208,,529,Mid,2,RIGHT,FD,2,18-Apr,ADBM,6/12/24,0.1945,0.1945,,NA,NA,NA,NA,NA,NA,,,,NA,28,,,
621,id209,0,37,0,0,HM052,8,-,G,G-,id:209,,561,Mid,7,RIGHT,FD,13,18-Apr,CYC,6/12/24,0.2032,0.2032,,NA,NA,NA,NA,NA,NA,,,,NA,25,,,
21,id210,55,37,6,61,HM052,1,+,E,E+,id:210,,351,Top,2,RIGHT,FB,5,17-Apr,ADBM,6/10/24,0.0285,0.0285,,NA,NA,NA,NA,NA,NA,,,,NA,17,,,
17,id211,14,7,2,16,HM052,2,+,E,E+,id:211,,382,Top,7,RIGHT,FB,6,17-Apr,CYC,6/10/24,0.05,0.05,,NA,NA,NA,NA,NA,NA,,,,NA,16,,,
4,id212,2,35,1,3,HM052,3,+,E,E+,id:212,,365,Top,4,RIGHT,FB,9,17-Apr,EY,6/10/24,0.0265,0.0265,,NA,NA,NA,NA,NA,NA,,,,NA,15,,,
7,id213,7,46,1,8,HM052,4,+,E,E+,id:213,,372,Top,5,RIGHT,FB,10,17-Apr,ADBM,6/10/24,0.5,0.5,,NA,NA,NA,NA,NA,NA,,,,NA,14,,,
34,id214,39,11,14,53,HM052,5,+,E,E+,id:214,,374,Top,6,RIGHT,FB,3,17-Apr,ADBM,6/10/24,0.2155,0.2155,,NA,NA,NA,NA,NA,NA,,,,NA,30,,,
37,id215,8,9,4,12,HM052,6,+,E,E+,id:215,,361,Top,3,RIGHT,FB,12,17-Apr,EY,6/10/24,0.1725,0.1725,,NA,NA,NA,NA,NA,NA,,,,NA,19,,,
56,id216,52,6,2,54,HM052,7,+,E,E+,id:216,,379,Top,6,RIGHT,FB,13,17-Apr,EY,6/10/24,0.026,0.026,,NA,NA,NA,NA,NA,NA,,,,NA,16,,,
53,id217,19,1,5,24,HM052,8,+,E,E+,id:217,,356,Top,3,RIGHT,FB,2,17-Apr,EY,6/10/24,0.148,0.148,,NA,NA,NA,NA,NA,NA,,,,NA,22,,,
279,id218,44,12,3,47,HM052,1,+,F,F+,id:218,,474,Mid,5,RIGHT,FB,5,19-Apr,CYC,5/31/24,0.2638,0.2638,,NA,NA,NA,NA,NA,NA,,,,NA,23,,,
291,id219,39,14,4,43,HM052,2,+,F,F+,id:219,,469,Mid,4,RIGHT,FB,6,19-Apr,CYC,5/31/24,0.2261,0.2261,,NA,NA,NA,NA,NA,NA,,,,NA,19,,,
310,id220,36,4,4,40,HM052,3,+,F,F+,id:220,,480,Mid,6,RIGHT,FB,9,19-Apr,CYC,5/31/24,0.1674,0.1674,,NA,NA,NA,NA,NA,NA,,,,NA,15,,,
304,id221,31,11,4,35,HM052,4,+,F,F+,id:221,,466,Mid,3,RIGHT,FB,10,19-Apr,CYC,5/31/24,0.1789,0.1789,,NA,NA,NA,NA,NA,NA,,,,NA,18,,,
323,id222,38,15,13,51,HM052,5,+,F,F+,id:222,,457,Mid,2,RIGHT,FB,3,19-Apr,CYC,5/31/24,0.2412,0.2412,,NA,NA,NA,NA,NA,NA,,,,NA,24,,,
331,id223,10,23,6,16,HM052,6,+,F,F+,id:223,,489,Mid,7,RIGHT,FB,12,19-Apr,ADBM,5/31/24,0.1657,0.1657,,NA,NA,NA,NA,NA,NA,,,,NA,6,,,
280,id224,3,13,0,3,HM052,7,+,F,F+,id:224,,462,Mid,2,RIGHT,FB,13,19-Apr,CYC,5/31/24,0.0507,0.0507,,NA,NA,NA,NA,NA,NA,,,,NA,15,,,
290,id225,26,6,6,32,HM052,8,+,F,F+,id:225,,484,Mid,7,RIGHT,FB,2,19-Apr,CYC,5/31/24,0.2554,0.2554,,NA,NA,NA,NA,NA,NA,,,,NA,17,,,
582,id226,0,14,0,0,HM052,1,-,E,E-,id:226,,173,Mid,2,LEFT,MD,5,16-Apr,EY,5/30/24,0.0691,0.0691,,NA,NA,NA,NA,NA,NA,,,,NA,9,,,
578,id227,0,5,0,0,HM052,2,-,E,E-,id:227,,202,Mid,7,LEFT,MD,6,16-Apr,ADBM,5/30/24,0.0353,0.0353,,NA,NA,NA,NA,NA,NA,,,,NA,2,nods were tiny ,,
382,id228,0,35,0,0,HM052,3,-,E,E-,id:228,,186,Mid,4,LEFT,MD,9,16-Apr,ADBM,5/30/24,0.0416,0.0416,,NA,NA,NA,NA,NA,NA,,,,NA,18,,,
385,id229,0,6,0,0,HM052,4,-,E,E-,id:229,,193,Mid,5,LEFT,MD,10,16-Apr,EY,5/30/24,0.1996,0.1996,,NA,NA,NA,NA,NA,NA,,,,NA,25,,,
598,id230,0,15,0,0,HM052,5,-,E,E-,id:230,,194,Mid,6,LEFT,MD,3,16-Apr,ADBM,5/30/24,0.2422,0.2422,,NA,NA,NA,NA,NA,NA,,,,NA,25,,,
600,id231,0,15,0,0,HM052,6,-,E,E-,id:231,,183,Mid,3,LEFT,MD,12,16-Apr,EY,5/30/24,0.2669,0.2669,,NA,NA,NA,NA,NA,NA,,,,NA,23,,,
583,id232,0,17,0,0,HM052,7,-,E,E-,id:232,,199,Mid,6,LEFT,MD,13,16-Apr,EY,5/30/24,0.2716,0.2716,,NA,NA,NA,NA,NA,NA,,,,NA,24,,,
576,id233,0,8,0,0,HM052,8,-,E,E-,id:233,,178,Mid,3,LEFT,MD,2,16-Apr,ADBM,5/30/24,0.1336,0.1336,,NA,NA,NA,NA,NA,NA,,,,NA,15,,,
626,id234,0,7,0,0,HM052,1,-,F,F-,id:234,,332,Bot,5,LEFT,MD,5,17-Apr,ADBM,6/7/24,0.1534,0.1534,,NA,NA,NA,NA,NA,NA,,,,NA,27,,,
620,id235,0,14,0,0,HM052,2,-,F,F-,id:235,,327,Bot,4,LEFT,MD,6,17-Apr,EY,6/10/24,0.2161,0.2161,,NA,NA,NA,NA,NA,NA,,,,NA,21,,,
643,id236,0,7,0,0,HM052,3,-,F,F-,id:236,,340,Bot,6,LEFT,MD,9,17-Apr,ADBM,6/7/24,0.2105,0.2105,,NA,NA,NA,NA,NA,NA,,,,NA,32,,,
649,id237,0,9,0,0,HM052,4,-,F,F-,id:237,,323,Bot,3,LEFT,MD,10,17-Apr,EY,6/10/24,0.0683,0.0683,,NA,NA,NA,NA,NA,NA,,,,NA,20,,,
371,id238,0,11,0,0,HM052,5,-,F,F-,id:238,,314,Bot,2,LEFT,MD,3,17-Apr,ADBM,6/10/24,0.2112,0.2112,,NA,NA,NA,NA,NA,NA,,,,NA,30,,,
364,id239,0,3,0,0,HM052,6,-,F,F-,id:239,,349,Bot,7,LEFT,MD,12,17-Apr,EY,6/10/24,0.1492,0.1492,,NA,NA,NA,NA,NA,NA,,,,NA,27,,,
564,id240,0,18,0,0,HM052,7,-,F,F-,id:240,,319,Bot,2,LEFT,MD,13,17-Apr,EY,6/10/24,0.3201,0.3201,,NA,NA,NA,NA,NA,NA,,,,NA,25,,,
552,id241,0,13,0,0,HM052,8,-,F,F-,id:241,,344,Bot,7,LEFT,MD,2,17-Apr,ADBM,6/7/24,0.2301,0.2301,,NA,NA,NA,NA,NA,NA,,,,NA,17,,,
205,id242,13,32,3,16,HM048,1,+,G,G+,id:242,,90,Top,5,LEFT,MB,5,16-Apr,ADBM,5/29/24,0.0483,0.0483,,NA,NA,NA,NA,NA,NA,,,,NA,13,,,
213,id243,5,20,0,5,HM048,2,+,G,G+,id:243,,85,Top,4,LEFT,MB,6,15-Apr,ADBM,5/29/24,0.038,0.038,,NA,NA,NA,NA,NA,NA,,,,NA,16,,,
147,id244,23,11,2,25,HM048,3,+,G,G+,id:244,,96,Top,6,LEFT,MB,9,16-Apr,ADBM,5/29/24,0.0482,0.0482,,NA,NA,NA,NA,NA,NA,,,,NA,12,,,
187,id246,20,35,12,32,HM048,5,+,G,G+,id:246,,73,Top,2,LEFT,MB,3,15-Apr,ADBM,5/29/24,0.1177,0.1177,,NA,NA,NA,NA,NA,NA,,,,NA,6,,,
174,id247,31,5,0,31,HM048,6,+,G,G+,id:247,,104,Top,7,LEFT,MB,12,16-Apr,ADBM,5/31/24,0.0477,0.0477,,NA,NA,NA,NA,NA,NA,,,,NA,7,,,
125,id248,23,27,1,24,HM048,7,+,G,G+,id:248,,78,Top,2,LEFT,MB,13,15-Apr,ADBM,5/29/24,0.0767,0.0767,,NA,NA,NA,NA,NA,NA,,,,NA,21,,,
131,id249,28,22,3,31,HM048,1,+,H,H+,id:249,,218,Mid,4,LEFT,MB,5,16-Apr,ADBM,5/30/24,0.231,0.231,,NA,NA,NA,NA,NA,NA,,,,NA,28,,,
146,id250,13,22,2,15,HM048,2,+,H,H+,id:250,,225,Mid,5,LEFT,MB,6,16-Apr,EY,5/30/24,0.161,0.161,,NA,NA,NA,NA,NA,NA,,,,NA,15,,,
158,id251,27,1,2,29,HM048,3,+,H,H+,id:251,,214,Mid,3,LEFT,MB,9,16-Apr,ADBM,5/30/24,0.0347,0.0347,,NA,NA,NA,NA,NA,NA,,,,NA,12,,,
185,id252,0,17,1,1,HM048,4,+,H,H+,id:252,,232,Mid,6,LEFT,MB,10,17-Apr,ADBM,5/31/24,0.1047,0.1047,,NA,NA,NA,NA,NA,NA,,,,NA,19,,,
175,id253,29,44,1,30,HM048,5,+,H,H+,id:253,,210,Mid,2,LEFT,MB,12,16-Apr,ADBM,5/30/24,0.2793,0.2793,,NA,NA,NA,NA,NA,NA,,,,NA,29,,,
241,id254,29,13,1,30,HM048,6,+,H,H+,id:254,,235,Mid,7,LEFT,MB,3,17-Apr,ADBM,5/31/24,0.2726,0.2726,,NA,NA,NA,NA,NA,NA,,,,NA,22,,,
233,id255,35,17,5,40,HM048,7,+,H,H+,id:255,,205,Mid,2,LEFT,MB,2,16-Apr,EY,5/30/24,0.0706,0.0706,,NA,NA,NA,NA,NA,NA,,,,NA,16,,,
531,id256,0,30,0,0,HM048,1,-,F,F-,id:256,,315,Bot,2,LEFT,MD,5,17-Apr,EY,6/10/24,0.2641,0.2641,,NA,NA,NA,NA,NA,NA,,,,NA,24,,,
542,id257,0,14,0,0,HM048,2,-,F,F-,id:257,,347,Bot,7,LEFT,MD,6,17-Apr,EY,6/7/24,0.2664,0.2664,,NA,NA,NA,NA,NA,NA,,,,NA,26,,,
414,id258,0,28,0,0,HM048,3,-,F,F-,id:258,,328,Bot,4,LEFT,MD,9,17-Apr,ADBM,6/10/24,0.0536,0.0536,,NA,NA,NA,NA,NA,NA,,,,NA,21,,,
404,id259,0,19,0,0,HM048,4,-,F,F-,id:259,,335,Bot,5,LEFT,MD,10,17-Apr,EY,6/7/24,0.2553,0.2553,,NA,NA,NA,NA,NA,NA,,,,NA,19,,,
471,id260,0,21,0,0,HM048,5,-,F,F-,id:260,,338,Bot,6,LEFT,MD,3,17-Apr,ADBM,6/7/24,0.0352,0.0352,,NA,NA,NA,NA,NA,NA,,,,NA,8,,,
476,id261,0,39,0,0,HM048,6,-,F,F-,id:261,,324,Bot,3,LEFT,MD,12,17-Apr,ADBM,6/10/24,0.2906,0.2906,,NA,NA,NA,NA,NA,NA,,,,NA,21,,,
457,id262,0,18,0,0,HM048,7,-,F,F-,id:262,,343,Bot,6,LEFT,MD,13,17-Apr,EY,6/7/24,0.2845,0.2845,,NA,NA,NA,NA,NA,NA,,,,NA,19,,,
108,id263,17,6,2,19,HM048,1,+,F,F+,id:263,,458,Mid,2,RIGHT,FB,5,19-Apr,EY,5/31/24,0.2149,0.2149,,NA,NA,NA,NA,NA,NA,,,,NA,16,,,
74,id264,18,5,2,20,HM048,2,+,F,F+,id:264,,487,Mid,7,RIGHT,FB,6,19-Apr,MC,5/31/24,0.272,0.272,,NA,NA,NA,NA,NA,NA,,,,NA,29,,,
71,id265,12,10,1,13,HM048,3,+,F,F+,id:265,,470,Mid,4,RIGHT,FB,9,19-Apr,EY,5/31/24,0.2221,0.2221,,NA,NA,NA,NA,NA,NA,,,,NA,23,,,
91,id266,8,6,2,10,HM048,4,+,F,F+,id:266,,477,Mid,5,RIGHT,FB,10,19-Apr,EY,5/31/24,0.2126,0.2126,,NA,NA,NA,NA,NA,NA,,,,NA,20,,,
94,id267,12,0,1,13,HM048,5,+,F,F+,id:267,,478,Mid,6,RIGHT,FB,3,19-Apr,CYC,5/31/24,0.052,0.052,,NA,NA,NA,NA,NA,NA,,,,NA,2,,,
239,id268,0,5,1,1,HM048,6,+,F,F+,id:268,,467,Mid,3,RIGHT,FB,12,19-Apr,ADBM,5/31/24,0.1467,0.1467,,NA,NA,NA,NA,NA,NA,,,,NA,20,,,
236,id269,15,11,1,16,HM048,7,+,F,F+,id:269,,483,Mid,6,RIGHT,FB,13,19-Apr,ADBM,5/31/24,0.1937,0.1937,,NA,NA,NA,NA,NA,NA,,,,NA,27,,,
413,id270,0,8,0,0,HM048,1,-,G,G-,id:270,,546,Mid,5,RIGHT,FD,5,18-Apr,CYC,6/12/24,0.0504,0.0504,,NA,NA,NA,NA,NA,NA,,,,NA,21,,,
405,id271,0,27,0,0,HM048,2,-,G,G-,id:271,,541,Mid,4,RIGHT,FD,6,18-Apr,CYC,6/12/24,0.1524,0.1524,,NA,NA,NA,NA,NA,NA,,,,NA,32,,,
425,id272,0,19,0,0,HM048,3,-,G,G-,id:272,,552,Mid,6,RIGHT,FD,9,18-Apr,ADBM,6/12/24,0.0883,0.0883,,NA,NA,NA,NA,NA,NA,,,,NA,27,,,
436,id273,0,31,0,0,HM048,4,-,G,G-,id:273,,538,Mid,3,RIGHT,FD,10,18-Apr,ADBM,6/12/24,0.1184,0.1184,,NA,NA,NA,NA,NA,NA,,,,NA,29,,,
477,id275,0,28,0,0,HM048,6,-,G,G-,id:275,,560,Mid,7,RIGHT,FD,12,18-Apr,ADBM,6/12/24,0.187,0.187,,NA,NA,NA,NA,NA,NA,,,,NA,22,,,
456,id276,0,36,0,0,HM048,7,-,G,G-,id:276,,535,Mid,2,RIGHT,FD,13,18-Apr,CYC,6/12/24,0.1694,0.1694,,NA,NA,NA,NA,NA,NA,,,,NA,30,,,
449,id277,0,14,0,0,HM048,1,-,H,H-,id:277,,679,Bot,4,RIGHT,FD,5,18-Apr,ADBM,5/31/24,0.1824,0.1824,,NA,NA,NA,NA,NA,NA,,,,NA,20,,,
489,id278,0,14,0,0,HM048,2,-,H,H-,id:278,,686,Bot,5,RIGHT,FD,6,18-Apr,ADBM,5/31/24,0.1315,0.1315,,NA,NA,NA,NA,NA,NA,,,,NA,18,,,
495,id279,0,15,0,0,HM048,3,-,H,H-,id:279,,675,Bot,3,RIGHT,FD,9,18-Apr,ADBM,5/31/24,0.251,0.251,,NA,NA,NA,NA,NA,NA,,,,NA,30,,,
541,id280,0,11,0,0,HM048,4,-,H,H-,id:280,,693,Bot,6,RIGHT,FD,10,18-Apr,CYC,5/31/24,0.0954,0.0954,,NA,NA,NA,NA,NA,NA,,,,NA,19,,,
532,id281,0,16,0,0,HM048,5,-,H,H-,id:281,,672,Bot,2,RIGHT,FD,12,18-Apr,ADBM,5/31/24,0.1669,0.1669,,NA,NA,NA,NA,NA,NA,,,,NA,19,,,
554,id282,0,23,0,0,HM048,6,-,H,H-,id:282,,696,Bot,7,RIGHT,FD,3,18-Apr,CYC,5/31/24,0.1461,0.1461,,NA,NA,NA,NA,NA,NA,,,,NA,12,,,
562,id283,0,18,0,0,HM048,7,-,H,H-,id:283,,667,Bot,2,RIGHT,FD,2,18-Apr,ADBM,5/31/24,0.1876,0.1876,,NA,NA,NA,NA,NA,NA,,,,NA,30,,,
176,id284,49,40,3,52,HM041,1,+,G,G+,id:284,,74,Top,2,LEFT,MB,5,15-Apr,ADBM,5/29/24,0.0523,0.0523,,NA,NA,NA,NA,NA,NA,,,,NA,10,,,
184,id285,17,18,0,17,HM041,2,+,G,G+,id:285,,102,Top,7,LEFT,MB,6,16-Apr,ADBM,5/31/24,0.0365,0.0365,,NA,NA,NA,NA,NA,NA,,,,NA,11,,,
156,id286,8,29,0,8,HM041,3,+,G,G+,id:286,,86,Top,4,LEFT,MB,9,16-Apr,ADBM,5/29/24,0.0294,0.0294,,NA,NA,NA,NA,NA,NA,,,,NA,17,,,
149,id287,15,53,3,18,HM041,4,+,G,G+,id:287,,93,Top,5,LEFT,MB,10,16-Apr,ADBM,5/29/24,0.0345,0.0345,,NA,NA,NA,NA,NA,NA,,,,NA,16,,,
110,id288,45,35,5,50,HM041,5,+,G,G+,id:288,,94,Top,6,LEFT,MB,3,16-Apr,ADBM,5/29/24,0.0751,0.0751,,NA,NA,NA,NA,NA,NA,,,,NA,15,,,
114,id289,11,13,2,13,HM041,6,+,G,G+,id:289,,83,Top,3,LEFT,MB,12,15-Apr,ADBM,5/29/24,0.0164,0.0164,,NA,NA,NA,NA,NA,NA,,,,NA,13,,,
177,id290,43,50,5,48,HM041,7,+,G,G+,id:290,,99,Top,6,LEFT,MB,13,16-Apr,ADBM,5/31/24,0.0571,0.0571,,NA,NA,NA,NA,NA,NA,,,,NA,14,,,
516,id291,0,81,0,0,HM041,1,-,I,I-,id:291,,119,Top,4,LEFT,FB,5,16-Apr,ADBM,5/29/24,0.0669,0.0669,,NA,NA,NA,NA,NA,NA,,,,NA,20,,,
493,id292,0,21,0,0,HM041,2,-,I,I-,id:292,,126,Top,5,LEFT,FB,6,16-Apr,ADBM,5/29/24,0.1723,0.1723,,NA,NA,NA,NA,NA,NA,,,,NA,17,,,
491,id293,0,17,0,0,HM041,3,-,I,I-,id:293,,115,Top,3,LEFT,FB,9,16-Apr,ADBM,5/29/24,0.1958,0.1958,,NA,NA,NA,NA,NA,NA,,,,NA,15,,,
540,id294,0,21,0,0,HM041,4,-,I,I-,id:294,,132,Top,6,LEFT,FB,10,16-Apr,ADBM,5/31/24,0.2639,0.2639,,NA,NA,NA,NA,NA,NA,,,,NA,19,,,
533,id295,0,22,0,0,HM041,5,-,I,I-,id:295,,111,Top,2,LEFT,FB,12,16-Apr,ADBM,5/29/24,0.1754,0.1754,,NA,NA,NA,NA,NA,NA,,,,NA,13,,,
553,id296,0,39,0,0,HM041,6,-,I,I-,id:296,,135,Top,7,LEFT,FB,3,16-Apr,ADBM,5/31/24,0.0934,0.0934,,NA,NA,NA,NA,NA,NA,,,,NA,18,,,
563,id297,0,63,0,0,HM041,7,-,I,I-,id:297,,106,Top,2,LEFT,FB,2,16-Apr,ADBM,5/29/24,0.0472,0.0472,,NA,NA,NA,NA,NA,NA,,,,NA,18,,,
93,id298,35,40,16,51,HM041,1,+,H,H+,id:298,Unbal.,224,Mid,5,LEFT,MB,5,16-Apr,ADBM,5/30/24,0.1903,0.1903,,NA,NA,NA,NA,NA,NA,,,,NA,20,,,
92,id299,32,32,10,42,HM041,2,+,H,H+,id:299,Unbal.,219,Mid,4,LEFT,MB,6,16-Apr,EY,5/30/24,0.1799,0.1799,,NA,NA,NA,NA,NA,NA,,,,NA,17,,,
121,id300,52,22,5,57,HM041,3,+,H,H+,id:300,Unbal.,231,Mid,6,LEFT,MB,9,17-Apr,ADBM,5/31/24,0.0282,0.0282,,NA,NA,NA,NA,NA,NA,,,,NA,15,,,
135,id301,42,63,4,46,HM041,4,+,H,H+,id:301,Unbal.,215,Mid,3,LEFT,MB,10,16-Apr,EY,5/30/24,0.0572,0.0572,,NA,NA,NA,NA,NA,NA,,,,NA,14,,,
116,id302,3,24,0,3,HM041,5,+,H,H+,id:302,Unbal.,206,Mid,2,LEFT,MB,3,16-Apr,ADBM,5/30/24,0.0449,0.0449,,NA,NA,NA,NA,NA,NA,,,,NA,19,,,
106,id303,0,30,1,1,HM041,6,+,H,H+,id:303,Unbal.,239,Mid,7,LEFT,MB,12,17-Apr,ADBM,5/31/24,0.0321,0.0321,,NA,NA,NA,NA,NA,NA,,,,NA,9,,,
78,id304,43,31,2,45,HM041,7,+,H,H+,id:304,Unbal.,211,Mid,2,LEFT,MB,13,16-Apr,EY,5/30/24,0.0664,0.0664,,NA,NA,NA,NA,NA,NA,,,,NA,14,,,
401,id305,0,53,0,0,HM041,1,-,G,G-,id:305,,531,Mid,2,RIGHT,FD,5,18-Apr,CYC,6/12/24,0.0563,0.0563,,NA,NA,NA,NA,NA,NA,,,,NA,30,,,
424,id306,0,27,0,0,HM041,2,-,G,G-,id:306,,558,Mid,7,RIGHT,FD,6,18-Apr,ADBM,6/12/24,0.0879,0.0879,,NA,NA,NA,NA,NA,NA,,,,NA,29,,,
438,id307,0,54,0,0,HM041,3,-,G,G-,id:307,,542,Mid,4,RIGHT,FD,9,18-Apr,CYC,6/12/24,0.1065,0.1065,,NA,NA,NA,NA,NA,NA,,,,NA,32,,,
566,id308,0,33,0,0,HM041,4,-,G,G-,id:308,,549,Mid,5,RIGHT,FD,10,18-Apr,ADBM,6/12/24,0.1556,0.1556/ 0.1290/ 0.0269,,NA,NA,NA,NA,NA,NA,,,,NA,27, pod - order: total/ leaf/ pod,,
550,id309,0,49,0,0,HM041,5,-,G,G-,id:309,,550,Mid,6,RIGHT,FD,3,18-Apr,CYC,6/12/24,0.1348,0.1348,,NA,NA,NA,NA,NA,NA,,,,NA,21,,,
416,id310,0,29,0,0,HM041,6,-,G,G-,id:310,,539,Mid,3,RIGHT,FD,12,18-Apr,CYC,6/12/24,0.0724,0.0724,,NA,NA,NA,NA,NA,NA,,,,NA,29,,,
402,id311,0,60,0,0,HM041,7,-,G,G-,id:311,,555,Mid,6,RIGHT,FD,13,18-Apr,ADBM,6/12/24,0.0974,0.0974,,NA,NA,NA,NA,NA,NA,,,,NA,39,,,
87,id312,51,24,3,54,HM041,1,+,I,I+,id:312,,644,Bot,4,RIGHT,MD,5,18-Apr,EY,5/31/24,0.0365,0.0365,,NA,NA,NA,NA,NA,NA,,,,NA,27,,,
97,id313,5,48,0,5,HM041,2,+,I,I+,id:313,,651,Bot,5,RIGHT,MD,6,18-Apr,MC,5/31/24,0.0229,0.0229,,NA,NA,NA,NA,NA,NA,,,,NA,19,,,
122,id314,24,43,4,28,HM041,3,+,I,I+,id:314,,640,Bot,3,RIGHT,MD,9,18-Apr,EY,5/31/24,0.0593,0.0593,,NA,NA,NA,NA,NA,NA,,,,NA,16,,,
134,id315,1,26,0,1,HM041,4,+,I,I+,id:315,,659,Bot,6,RIGHT,MD,10,18-Apr,ADBM,5/31/24,0.0591,0.0591,,NA,NA,NA,NA,NA,NA,,,,NA,23,,,
117,id316,9,14,1,10,HM041,5,+,I,I+,id:316,,636,Bot,2,RIGHT,MD,12,18-Apr,CYC,5/31/24,0.1957,0.1957,,NA,NA,NA,NA,NA,NA,,,,NA,21,,,
104,id317,74,56,6,80,HM041,6,+,I,I+,id:317,,662,Bot,7,RIGHT,MD,3,18-Apr,ADBM,5/31/24,0.062,0.062,,NA,NA,NA,NA,NA,NA,,,,NA,16,,,
143,id318,16,36,3,19,HM041,7,+,I,I+,id:318,,631,Bot,2,RIGHT,MD,2,18-Apr,CYC,5/31/24,0.1184,0.1184,,NA,NA,NA,NA,NA,NA,,,,NA,17,,,
498,id319,0,22,0,0,HM148,1,-,H,H-,id:319,Replacement,685,Bot,5,RIGHT,FD,5,18-Apr,ADBM,5/31/24,0.263,0.263,,NA,NA,NA,NA,NA,NA,,,,NA,45,,,
568,id320,0,6,0,0,HM148,2,-,H,H-,id:320,Replacement,680,Bot,4,RIGHT,FD,6,18-Apr,ADBM,5/31/24,0.0556,0.0556,,NA,NA,NA,NA,NA,NA,,,,NA,19,,,
548,id321,0,37,0,0,HM148,3,-,H,H-,id:321,Replacement,692,Bot,6,RIGHT,FD,9,18-Apr,CYC,5/31/24,0.0663,0.0663,,NA,NA,NA,NA,NA,NA,,,,NA,20,,,
527,id322,0,27,0,0,HM148,4,-,H,H-,id:322,Replacement,676,Bot,3,RIGHT,FD,10,18-Apr,ADBM,5/31/24,0.1265,0.1265,,NA,NA,NA,NA,NA,NA,,,,NA,24,,,
545,id323,0,26,0,0,HM148,5,-,H,H-,id:323,Replacement,668,Bot,2,RIGHT,FD,3,18-Apr,ADBM,5/31/24,0.1775,0.1775,,NA,NA,NA,NA,NA,NA,,,,NA,20,,,
486,id324,0,8,0,0,HM148,6,-,H,H-,id:324,Replacement,700,Bot,7,RIGHT,FD,12,18-Apr,MC,5/31/24,0.206,0.206,,NA,NA,NA,NA,NA,NA,,,,NA,42,,,
497,id325,0,10,0,0,HM167,1,-,E,E-,id:325,,201,Mid,7,LEFT,MD,5,16-Apr,EY,5/30/24,0.3833,0.3833,,NA,NA,NA,NA,NA,NA,,,,NA,21,,,
518,id326,0,44,0,0,HM167,2,-,E,E-,id:326,,174,Mid,2,LEFT,MD,6,16-Apr,ADBM,5/30/24,0.1943,0.1943,,NA,NA,NA,NA,NA,NA,,,,NA,26,,,
508,id327,0,21,0,0,HM167,3,-,E,E-,id:327,,192,Mid,5,LEFT,MD,9,16-Apr,ADBM,5/30/24,0.203,0.203,,NA,NA,NA,NA,NA,NA,,,,NA,26,,,
469,id328,0,37,0,0,HM167,4,-,E,E-,id:328,,187,Mid,4,LEFT,MD,10,16-Apr,EY,5/30/24,0.0717,0.0717,,NA,NA,NA,NA,NA,NA,,,,NA,NA,,,
479,id329,0,25,0,0,HM167,5,-,E,E-,id:329,,198,Mid,6,LEFT,MD,12,16-Apr,ADBM,5/30/24,0.2279,0.2279,,NA,NA,NA,NA,NA,NA,,,,NA,19,,,
487,id330,0,4,0,0,HM167,6,-,E,E-,id:330,,179,Mid,3,LEFT,MD,3,16-Apr,EY,5/30/24,0.2128,0.2128,,NA,NA,NA,NA,NA,NA,,,,NA,19,,,
161,id331,1,14,1,2,HM167,1,+,H,H+,id:331,,213,Mid,3,LEFT,MB,5,16-Apr,EY,5/30/24,0.0123,0.0123,,NA,NA,NA,NA,NA,NA,,,,NA,12,,,
192,id332,2,28,1,3,HM167,2,+,H,H+,id:332,,230,Mid,6,LEFT,MB,6,17-Apr,ADBM,5/31/24,0.1532,0.1532,,NA,NA,NA,NA,NA,NA,,,,NA,25,,,
169,id333,1,6,2,3,HM167,3,+,H,H+,id:333,,209,Mid,2,LEFT,MB,9,16-Apr,EY,5/30/24,0.0788,0.0788,,NA,NA,NA,NA,NA,NA,,,,NA,14,,,
244,id334,6,37,1,7,HM167,4,+,H,H+,id:334,,238,Mid,7,LEFT,MB,10,17-Apr,ADBM,5/31/24,0.0314,0.0314,,NA,NA,NA,NA,NA,NA,,,,NA,21,,,
231,id335,4,1,2,6,HM167,5,+,H,H+,id:335,,222,Mid,4,LEFT,MB,12,16-Apr,ADBM,5/30/24,0.1221,0.1221,,NA,NA,NA,NA,NA,NA,,,,NA,22,,,
202,id336,9,8,3,12,HM167,6,+,H,H+,id:336,,223,Mid,5,LEFT,MB,3,16-Apr,EY,5/30/24,0.2109,0.2109,,NA,NA,NA,NA,NA,NA,,,,NA,25,,,
217,id337,3,30,2,5,HM167,7,+,H,H+,id:337,,217,Mid,4,LEFT,MB,2,16-Apr,EY,5/30/24,0.096,0.096,,NA,NA,NA,NA,NA,NA,,,,NA,25,,,
79,id338,4,6,2,6,HM167,8,+,H,H+,id:338,,228,Mid,5,LEFT,MB,13,17-Apr,ADBM,5/31/24,0.045,0.045,,NA,NA,NA,NA,NA,NA,,,,NA,17,,,
68,id339,4,23,1,5,HM167,1,+,E,E+,id:339,,381,Top,7,RIGHT,FB,5,17-Apr,ADBM,6/10/24,0.2071,0.2071,,NA,NA,NA,NA,NA,NA,,,,NA,27,,,
312,id340,2,9,2,4,HM167,2,+,E,E+,id:340,,352,Top,2,RIGHT,FB,6,17-Apr,EY,6/10/24,0.1281,0.1281,,NA,NA,NA,NA,NA,NA,,,,NA,18,,,
300,id341,2,21,0,2,HM167,3,+,E,E+,id:341,,371,Top,5,RIGHT,FB,9,17-Apr,CYC,6/10/24,0.1895,0.1895,,NA,NA,NA,NA,NA,NA,,,,NA,21,,,
319,id342,5,4,2,7,HM167,4,+,E,E+,id:342,,366,Top,4,RIGHT,FB,10,17-Apr,,6/10/24,0.1547,0.1547,,NA,NA,NA,NA,NA,NA,,,,NA,NA,,,
334,id343,8,3,1,9,HM167,5,+,E,E+,id:343,,378,Top,6,RIGHT,FB,12,17-Apr,ADBM,6/10/24,0.1897,0.1897,,NA,NA,NA,NA,NA,NA,,,,NA,22,,,
277,id344,4,19,1,5,HM167,6,+,E,E+,id:344,,357,Top,3,RIGHT,FB,3,17-Apr,ADBM,6/10/24,0.1878,0.1878,,NA,NA,NA,NA,NA,NA,,,,NA,30,,,
293,id345,1,16,1,2,HM167,7,+,E,E+,id:345,,373,Top,6,RIGHT,FB,2,17-Apr,EY,6/10/24,0.1659,0.1659,,NA,NA,NA,NA,NA,NA,,,,NA,25,,,
571,id347,0,12,0,0,HM167,1,-,WSM1022,B-,id:347,,599,Bot,2,RIGHT,MB,5,18-Apr,ADBM,6/21/24,0.1424,0.1424,,NA,NA,NA,NA,NA,NA,,,,NA,27,,,
380,id348,0,23,0,0,HM167,2,-,WSM1022,B-,id:348,,627,Bot,7,RIGHT,MB,6,18-Apr,ADBM,6/21/24,0.1347,0.1347,,NA,NA,NA,NA,NA,NA,,,,NA,30,,,
386,id349,0,13,0,0,HM167,3,-,WSM1022,B-,id:349,,611,Bot,4,RIGHT,MB,9,18-Apr,ADBM,6/21/24,0.1798,0.1798,,NA,NA,NA,NA,NA,NA,,,,NA,20,,,
594,id350,0,11,0,0,HM167,4,-,WSM1022,B-,id:350,,618,Bot,5,RIGHT,MB,10,18-Apr,ADBM,6/21/24,0.2077,0.2077,,NA,NA,NA,NA,NA,NA,,,,NA,30,,,
604,id351,0,8,0,0,HM167,5,-,WSM1022,B-,id:351,,619,Bot,6,RIGHT,MB,3,18-Apr,ADBM,6/21/24,0.2154,0.2154,,NA,NA,NA,NA,NA,NA,,,,NA,27,,,
587,id352,0,2,0,0,HM167,6,-,WSM1022,B-,id:352,,607,Bot,3,RIGHT,MB,12,18-Apr,ADBM,6/21/24,0.0089,0.0089,,NA,NA,NA,NA,NA,NA,,,,NA,22,,,
574,id353,0,15,0,0,HM167,7,-,WSM1022,B-,id:353,,624,Bot,6,RIGHT,MB,13,18-Apr,ADBM,6/21/24,0.1023,0.1023,,NA,NA,NA,NA,NA,NA,,,,NA,22,,,
630,id354,0,6,0,0,HM167,8,-,WSM1022,B-,id:354,,603,Bot,3,RIGHT,MB,2,18-Apr,ADBM,6/21/24,0.1686,0.1686,,NA,NA,NA,NA,NA,NA,,,,NA,32,,,
299,id355,6,8,1,7,HM167,1,+,I,I+,id:355,,639,Bot,3,RIGHT,MD,5,18-Apr,CYC,5/31/24,0.1048,0.1048,,NA,NA,NA,NA,NA,NA,,,,NA,25,,,
320,id356,1,10,0,1,HM167,2,+,I,I+,id:356,,657,Bot,6,RIGHT,MD,6,18-Apr,CYC,5/31/24,0.122,..1220,,NA,NA,NA,NA,NA,NA,,,,NA,17,,,
332,id357,5,16,3,8,HM167,3,+,I,I+,id:357,,635,Bot,2,RIGHT,MD,9,18-Apr,EY,5/31/24,0.1132,0.1132,,NA,NA,NA,NA,NA,NA,,,,NA,25,,,
22,id358,5,23,3,8,HM167,4,+,I,I+,id:358,,665,Bot,7,RIGHT,MD,10,18-Apr,ADBM,5/31/24,0.2136,0.2136,,NA,NA,NA,NA,NA,NA,,,,NA,31,,,
15,id359,1,41,2,3,HM167,5,+,I,I+,id:359,,648,Bot,4,RIGHT,MD,12,18-Apr,CYC,5/31/24,0.2446,0.2446,,NA,NA,NA,NA,NA,NA,,,,NA,32,,,
31,id360,6,17,4,10,HM167,6,+,I,I+,id:360,,649,Bot,5,RIGHT,MD,3,18-Apr,,5/31/24,0.1801,0.1801,,NA,NA,NA,NA,NA,NA,,,,NA,NA,,,
40,id361,5,17,1,6,HM167,7,+,I,I+,id:361,,643,Bot,4,RIGHT,MD,2,18-Apr,CYC,5/31/24,0.2113,0.2113,,NA,NA,NA,NA,NA,NA,,,,NA,18,,,
61,id362,3,44,1,4,HM167,8,+,I,I+,id:362,,654,Bot,5,RIGHT,MD,13,18-Apr,CYC,5/31/24,0.0538,0.0538,,NA,NA,NA,NA,NA,NA,,,,NA,26,,,
389,id363,0,23,0,0,HM167,1,-,H,H-,id:363,,674,Bot,3,RIGHT,FD,5,18-Apr,ADBM,5/31/24,0.1591,0.1591,,NA,NA,NA,NA,NA,NA,,,,NA,37,,,
373,id364,0,32,0,0,HM167,2,-,H,H-,id:364,,691,Bot,6,RIGHT,FD,6,18-Apr,ADBM,5/31/24,0.2272,0.2272,,NA,NA,NA,NA,NA,NA,,,,NA,31,,,
363,id365,0,14,0,0,HM167,3,-,H,H-,id:365,,671,Bot,2,RIGHT,FD,9,18-Apr,ADBM,5/31/24,0.1325,0.1325,,NA,NA,NA,NA,NA,NA,,,,NA,20,,,
341,id366,0,43,0,0,HM167,4,-,H,H-,id:366,,699,Bot,7,RIGHT,FD,10,18-Apr,MC,5/31/24,0.2229,0.2229,,NA,NA,NA,NA,NA,NA,,,,NA,36,,,
354,id367,0,28,0,0,HM167,5,-,H,H-,id:367,,683,Bot,4,RIGHT,FD,12,18-Apr,MC,5/31/24,0.218,0.218,,NA,NA,NA,NA,NA,NA,,,,NA,19,,,
628,id368,0,21,0,0,HM167,6,-,H,H-,id:368,,684,Bot,5,RIGHT,FD,3,18-Apr,CYC,5/31/24,0.1734,0.1734,,NA,NA,NA,NA,NA,NA,,,,NA,27,,,
617,id369,0,47,0,0,HM167,7,-,H,H-,id:369,,678,Bot,4,RIGHT,FD,2,18-Apr,ADBM,5/31/24,0.1598,0.1598,,NA,NA,NA,NA,NA,NA,,,,NA,39,,,
374,id370,0,12,0,0,HM167,8,-,H,H-,id:370,,689,Bot,5,RIGHT,FD,13,18-Apr,ADBM,5/31/24,0.2435,0.2435,,NA,NA,NA,NA,NA,NA,,,,NA,23,,,
343,id372,0,14,0,0,HM168,2,-,J,J-,id:372,,275,Mid,7,LEFT,FB,6,17-Apr,ADBM,6/7/24,0.1554,0.1554,,NA,NA,NA,NA,NA,NA,,,,NA,18,,,
353,id373,0,10,0,0,HM168,3,-,J,J-,id:373,,257,Mid,4,LEFT,FB,9,17-Apr,ADBM,6/7/24,0.1436,0.1436,,NA,NA,NA,NA,NA,NA,,,,NA,22,,,
379,id374,0,8,0,0,HM168,4,-,J,J-,id:374,,265,Mid,5,LEFT,FB,10,17-Apr,ADBM,6/7/24,0.0717,0.0717,,NA,NA,NA,NA,NA,NA,,,,NA,21,,,
387,id375,0,10,0,0,HM168,5,-,J,J-,id:375,,267,Mid,6,LEFT,FB,3,17-Apr,ADBM,6/7/24,0.2002,0.2002,,NA,NA,NA,NA,NA,NA,,,,NA,27,,,
396,id376,0,5,0,0,HM168,6,-,J,J-,id:376,,252,Mid,3,LEFT,FB,12,17-Apr,ADBM,6/7/24,0.1807,0.1807,,NA,NA,NA,NA,NA,NA,,,,NA,21,,,
390,id377,0,8,0,0,HM168,7,-,J,J-,id:377,,272,Mid,6,LEFT,FB,13,17-Apr,ADBM,6/7/24,0.2606,0.2606,,NA,NA,NA,NA,NA,NA,,,,NA,27,,,
593,id378,0,33,0,0,HM168,8,-,J,J-,id:378,,247,Mid,3,LEFT,FB,2,17-Apr,ADBM,6/7/24,0.2305,0.2305,,NA,NA,NA,NA,NA,NA,,,,NA,18,,,
606,id379,0,7,0,0,HM168,9,-,J,J-,id:379,,256,Mid,4,LEFT,FB,7,17-Apr,ADBM,6/7/24,0.122,0.122,,NA,NA,NA,NA,NA,NA,,,,NA,31,,,
651,id380,0,13,0,0,HM168,10,-,J,J-,id:380,,263,Mid,5,LEFT,FB,8,17-Apr,ADBM,6/7/24,0.175,0.175,,NA,NA,NA,NA,NA,NA,,,,NA,24,,,
322,id381,11,3,1,12,HM168,1,+,J,J+,id:381,,420,Top,2,RIGHT,MD,5,19-Apr,ADBM,5/31/24,0.1017,0.1017,,NA,NA,NA,NA,NA,NA,,,,NA,24,,,
303,id382,7,1,3,10,HM168,2,+,J,J+,id:382,,453,Top,7,RIGHT,MD,6,19-Apr,ADBM,5/31/24,0.0173,0.0173,,NA,NA,NA,NA,NA,NA,,,,NA,3,,,
311,id383,9,3,4,13,HM168,3,+,J,J+,id:383,,435,Top,4,RIGHT,MD,9,19-Apr,ADBM,5/31/24,0.112,0.112,,NA,NA,NA,NA,NA,NA,,,,NA,10,,,
257,id384,3,6,1,4,HM168,4,+,J,J+,id:384,,443,Top,5,RIGHT,MD,10,19-Apr,ADBM,5/31/24,0.1631,0.1631,,NA,NA,NA,NA,NA,NA,,,,NA,19,,,
266,id385,31,3,8,39,HM168,5,+,J,J+,id:385,,445,Top,6,RIGHT,MD,3,19-Apr,ADBM,5/31/24,0.0457,0.0457,,NA,NA,NA,NA,NA,NA,,,,NA,24,,,
292,id386,8,22,2,10,HM168,6,+,J,J+,id:386,,430,Top,3,RIGHT,MD,12,19-Apr,ADBM,5/31/24,0.0332,0.0332,,NA,NA,NA,NA,NA,NA,,,,NA,8,,,
278,id387,7,1,2,9,HM168,7,+,J,J+,id:387,,450,Top,6,RIGHT,MD,13,19-Apr,ADBM,5/31/24,0.1507,0.1507,,NA,NA,NA,NA,NA,NA,,,,NA,23,,,
52,id388,5,0,1,6,HM168,8,+,J,J+,id:388,,425,Top,3,RIGHT,MD,2,19-Apr,ADBM,5/31/24,0.1474,0.1474,,NA,NA,NA,NA,NA,NA,,,,NA,31,,,
57,id389,3,9,2,5,HM168,9,+,J,J+,id:389,,434,Top,4,RIGHT,MD,7,19-Apr,ADBM,5/31/24,0.0215,0.0215,,NA,NA,NA,NA,NA,NA,,,,NA,22,,,
258,id390,8,3,1,9,HM168,10,+,J,J+,id:390,,441,Top,5,RIGHT,MD,8,19-Apr,ADBM,5/31/24,0.133,0.133,,NA,NA,NA,NA,NA,NA,,,,NA,15,,,
585,id391,0,14,0,0,HM112,1,-,D,D-,id:391,,68,Top,7,LEFT,MD,5,15-Apr,ADBM,,0.0843,,0.0839,NA,NA,NA,NA,NA,NA,,,,NA,10,,,
602,id392,0,32,0,0,HM112,2,-,D,D-,id:392,,42,Top,2,LEFT,MD,6,15-Apr,ADBM,,0.0821,,0.0707,NA,NA,NA,NA,NA,NA,,,,NA,13,above ground biomass might be incorrect,,
596,id393,0,23,0,0,HM112,3,-,D,D-,id:393,,58,Top,5,LEFT,MD,9,15-Apr,ADBM,,0.0338,,0.0375,NA,NA,NA,NA,NA,NA,,,,NA,19,,,
650,id394,0,75,0,0,HM112,4,-,D,D-,id:394,,53,Top,4,LEFT,MD,10,15-Apr,ADBM,,0.06,,0.0563,NA,NA,NA,NA,NA,NA,,,,NA,17,,,
641,id395,0,29,0,0,HM112,5,-,D,D-,id:395,,65,Top,6,LEFT,MD,12,15-Apr,ADBM,,0.0876,,0.0845,NA,NA,NA,NA,NA,NA,,,,NA,24,,,
618,id396,0,37,0,0,HM112,6,-,D,D-,id:396,,45,Top,3,LEFT,MD,3,15-Apr,ADBM,,0.1343,,0.134,NA,NA,NA,NA,NA,NA,,,,NA,11,,,
627,id397,0,31,0,0,HM112,7,-,D,D-,id:397,,60,Top,6,LEFT,MD,2,15-Apr,ADBM,,0.0975,,0.047,NA,NA,NA,NA,NA,NA,,,,NA,9,,,
352,id398,0,28,0,0,HM112,1,-,I,I-,id:398,,136,Top,7,LEFT,FB,5,16-Apr,ADBM,5/31/24,0.2027,0.2027,,NA,NA,NA,NA,NA,NA,,,,NA,17,,,
344,id399,0,17,0,0,HM112,2,-,I,I-,id:399,,109,Top,2,LEFT,FB,6,16-Apr,ADBM,5/29/24,0.2262,0.2262,,NA,NA,NA,NA,NA,NA,,,,NA,11,,,
342,id400,0,31,0,0,HM112,3,-,I,I-,id:400,,127,Top,5,LEFT,FB,9,16-Apr,ADBM,5/29/24,0.2722,0.2722,,NA,NA,NA,NA,NA,NA,,,,NA,16,,,
355,id401,0,9,0,0,HM112,4,-,I,I-,id:401,,122,Top,4,LEFT,FB,10,16-Apr,ADBM,5/29/24,0.0998,0.0998,,NA,NA,NA,NA,NA,NA,,,,NA,13,,,
372,id402,0,27,0,0,HM112,5,-,I,I-,id:402,,133,Top,6,LEFT,FB,12,16-Apr,ADBM,5/31/24,0.2247,0.2247,,NA,NA,NA,NA,NA,NA,,,,NA,14,,,
60,id404,31,7,11,42,HM112,1,+,D,D+,id:404,,592,Bot,7,RIGHT,FB,5,18-Apr,ADBM,5/31/24,0.0825,0.0825,,NA,NA,NA,NA,NA,NA,,,,NA,14,,,
49,id405,45,13,6,51,HM112,2,+,D,D+,id:405,,565,Bot,2,RIGHT,FB,6,18-Apr,ADBM,5/31/24,0.1205,0.1205,,NA,NA,NA,NA,NA,NA,,,,NA,35,,,
32,id406,14,8,0,14,HM112,3,+,D,D+,id:406,,582,Bot,5,RIGHT,FB,10,18-Apr,ADBM,5/31/24,0.063,0.063,,NA,NA,NA,NA,NA,NA,,,,NA,20,,,
302,id407plant1,3,4,0,3,HM112,4,+,D,D+,id:407,,577,Bot,4,RIGHT,FB,10,18-Apr,ADBM,5/31/24,0.017,0.017 / 0.0395,NA,NA,NA,NA,NA,NA,NA,NA,NA,NA,NA,6,two plants (19+6),NA,NA
321,id407plant2,2,6,0,2,HM112,4,+,D,D+,id:407,,577,Bot,4,RIGHT,FB,10,18-Apr,ADBM,5/31/24,0.0395,0.017 / 0.0395,NA,NA,NA,NA,NA,NA,NA,NA,NA,NA,NA,19,two plants (19+6),NA,NA
267,id408,28,35,9,37,HM112,5,+,D,D+,id:408,,589,Bot,6,RIGHT,FB,12,18-Apr,ADBM,5/31/24,0.1337,0.1337,,NA,NA,NA,NA,NA,NA,,,,NA,17,,,
256,id409,6,1,0,6,HM112,6,+,D,D+,id:409,,568,Bot,3,RIGHT,FB,3,18-Apr,ADBM,5/31/24,0.0287,0.0287,,NA,NA,NA,NA,NA,NA,,,,NA,11,,,
59,id410,23,7,4,27,HM112,1,+,I,I+,id:410,,663,Bot,7,RIGHT,MD,5,18-Apr,CYC,5/31/24,0.1712,0.1712,,NA,NA,NA,NA,NA,NA,,,,NA,19,,,
50,id411,39,6,8,47,HM112,2,+,I,I+,id:411,,634,Bot,2,RIGHT,MD,6,18-Apr,CYC,5/31/24,0.114,0.114,,NA,NA,NA,NA,NA,NA,,,,NA,17,,,
30,id412,38,17,2,40,HM112,3,+,I,I+,id:412,,652,Bot,5,RIGHT,MD,9,18-Apr,CYC,5/31/24,0.0184,0.0184,,NA,NA,NA,NA,NA,NA,,,,NA,21,,,
41,id413,9,13,3,12,HM112,4,+,I,I+,id:413,,647,Bot,4,RIGHT,MD,10,18-Apr,EY,5/31/24,0.1102,0.1102,,NA,NA,NA,NA,NA,NA,,,,NA,24,,,
3,id414,53,13,6,59,HM112,5,+,I,I+,id:414,,660,Bot,6,RIGHT,MD,12,18-Apr,CYC,5/31/24,0.2586,0.2586,,NA,NA,NA,NA,NA,NA,,,,NA,26,,,
706,id415,NA,NA,NA,NA,HM112,6,+,I,I+,id:415,,638,Bot,3,RIGHT,MD,3,18-Apr,EY,5/31/24,,,,NA,NA,NA,NA,NA,NA,,,,NA,NA,,,
362,id417,0,20,0,0,HM011,1,-,I,I-,id:417,,125,Top,5,LEFT,FB,5,16-Apr,ADBM,5/29/24,0.21,0.21,,NA,NA,NA,NA,NA,NA,,,,NA,22,,,
640,id418,0,35,0,0,HM011,2,-,I,I-,id:418,,120,Top,4,LEFT,FB,6,16-Apr,ADBM,5/29/24,0.0687,0.0687,,NA,NA,NA,NA,NA,NA,,,,NA,12,,,
652,id419,0,18,0,0,HM011,3,-,I,I-,id:419,,131,Top,6,LEFT,FB,9,16-Apr,ADBM,5/29/24,0.2261,0.2261,,NA,NA,NA,NA,NA,NA,,,,NA,21,,,
588,id420,0,42,0,0,HM011,4,-,I,I-,id:420,,116,Top,3,LEFT,FB,10,16-Apr,ADBM,5/29/24,0.0653,0.0653,,NA,NA,NA,NA,NA,NA,,,,NA,14,,,
572,id421,0,40,0,0,HM011,5,-,I,I-,id:421,,107,Top,2,LEFT,FB,3,16-Apr,ADBM,5/29/24,0.3016,0.3016,,NA,NA,NA,NA,NA,NA,,,,NA,15,,,
595,id422,0,40,0,0,HM011,6,-,I,I-,id:422,,139,Top,7,LEFT,FB,12,16-Apr,ADBM,5/31/24,0.3099,0.3099,,NA,NA,NA,NA,NA,NA,,,,NA,32,,,
603,id423,0,24,0,0,HM011,7,-,I,I-,id:423,,112,Top,2,LEFT,FB,13,16-Apr,ADBM,5/29/24,0.1189,0.1189,,NA,NA,NA,NA,NA,NA,,,,NA,14,,,
318,id424,8,47,9,17,HM011,1,+,H,H+,id:424,,207,Mid,2,LEFT,MB,5,16-Apr,EY,5/30/24,0.0357,0.0357,,NA,NA,NA,NA,NA,NA,,,,NA,18,,,
333,id425,9,21,0,9,HM011,2,+,H,H+,id:425,,237,Mid,7,LEFT,MB,6,17-Apr,ADBM,5/31/24,0.24,0.24,,NA,NA,NA,NA,NA,NA,,,,NA,24,,,
313,id426,8,15,0,8,HM011,3,+,H,H+,id:426,,220,Mid,4,LEFT,MB,9,16-Apr,ADBM,5/30/24,0.2409,0.2409,,NA,NA,NA,NA,NA,NA,,,,NA,15,,,
301,id427,9,25,0,9,HM011,4,+,H,H+,id:427,,227,Mid,5,LEFT,MB,10,17-Apr,ADBM,5/31/24,0.274,0.274,,NA,NA,NA,NA,NA,NA,,,,NA,26,,,
2,id428,6,30,2,8,HM011,5,+,H,H+,id:428,,229,Mid,6,LEFT,MB,3,17-Apr,ADBM,5/31/24,0.0945,0.0945,,NA,NA,NA,NA,NA,NA,,,,NA,34,,,
9,id429,9,32,0,9,HM011,6,+,H,H+,id:429,,216,Mid,3,LEFT,MB,12,16-Apr,ADBM,5/30/24,0.0589,0.0589,,NA,NA,NA,NA,NA,NA,,,,NA,20,,,
653,id431,0,13,0,0,HM011,1,-,J,J-,id:431,,254,Mid,4,LEFT,FB,5,17-Apr,ADBM,6/7/24,0.1302,0.1302,,NA,NA,NA,NA,NA,NA,,,,NA,17,,,
629,id432,0,7,0,0,HM011,2,-,J,J-,id:432,,262,Mid,5,LEFT,FB,6,17-Apr,ADBM,6/7/24,0.1935,0.1935,,NA,NA,NA,NA,NA,NA,,,,NA,14,,,
616,id433,0,32,0,0,HM011,3,-,J,J-,id:433,,250,Mid,3,LEFT,FB,9,17-Apr,ADBM,6/7/24,0.0967,0.0967,,NA,NA,NA,NA,NA,NA,,,,NA,23,,,
586,id434,0,27,0,0,HM011,4,-,J,J-,id:434,,270,Mid,6,LEFT,FB,10,17-Apr,ADBM,6/7/24,0.3349,0.3349,,NA,NA,NA,NA,NA,NA,,,,NA,16,,,
573,id435,0,28,0,0,HM011,5,-,J,J-,id:435,,245,Mid,2,LEFT,FB,12,17-Apr,ADBM,6/7/24,0.304,0.304,,NA,NA,NA,NA,NA,NA,,,,NA,17,,,
605,id437,0,24,0,0,HM011,7,-,J,J-,id:437,,240,Mid,2,LEFT,FB,2,17-Apr,ADBM,6/7/24,0.2737,0.2737,,NA,NA,NA,NA,NA,NA,,,,NA,25,,,
58,id438,10,18,1,11,HM011,1,+,J,J+,id:438,,432,Top,4,RIGHT,MD,5,19-Apr,AC,5/31/24,0.1982,0.1982,,NA,NA,NA,NA,NA,NA,,,,NA,24,,,
51,id439,5,2,0,5,HM011,2,+,J,J+,id:439,,440,Top,5,RIGHT,MD,6,19-Apr,AC,5/31/24,0.1652,0.1652,,NA,NA,NA,NA,NA,NA,,,,NA,25,,,
191,id440,4,64,1,5,HM011,3,+,J,J+,id:440,,428,Top,3,RIGHT,MD,9,19-Apr,ADBM,5/31/24,0.0575,0.0575,,NA,NA,NA,NA,NA,NA,,,,NA,23,,,
170,id441,10,49,0,10,HM011,4,+,J,J+,id:441,,448,Top,6,RIGHT,MD,10,19-Apr,ADBM,5/31/24,0.1128,0.1128,,NA,NA,NA,NA,NA,NA,,,,NA,31,,,
144,id442,9,41,2,11,HM011,5,+,J,J+,id:442,,423,Top,2,RIGHT,MD,12,19-Apr,ADBM,5/31/24,0.0314,0.0314,,NA,NA,NA,NA,NA,NA,,,,NA,28,,,
162,id443,4,14,1,5,HM011,6,+,J,J+,id:443,,451,Top,7,RIGHT,MD,3,19-Apr,ADBM,5/31/24,0.2318,0.2318,,NA,NA,NA,NA,NA,NA,,,,NA,21,,,
204,id444,5,35,2,7,HM011,7,+,J,J+,id:444,,418,Top,2,RIGHT,MD,2,19-Apr,ADBM,5/31/24,0.0696,0.0696,,NA,NA,NA,NA,NA,NA,,,,NA,17,,,
216,id445,1,61,2,3,HM011,1,+,I,I+,id:445,,650,Bot,5,RIGHT,MD,5,18-Apr,CYC,5/31/24,0.0406,0.0406,,NA,NA,NA,NA,NA,NA,,,,NA,18,,,
245,id446,1,71,2,3,HM011,2,+,I,I+,id:446,,645,Bot,4,RIGHT,MD,6,18-Apr,EY,5/31/24,0.0361,0.0361,,NA,NA,NA,NA,NA,NA,,,,NA,19,,,
230,id447,3,29,1,4,HM011,3,+,I,I+,id:447,,658,Bot,6,RIGHT,MD,9,18-Apr,ADBM,5/31/24,0.0309,0.0309,,NA,NA,NA,NA,NA,NA,,,,NA,18,,,
86,id448,4,33,1,5,HM011,4,+,I,I+,id:448,,641,Bot,3,RIGHT,MD,10,18-Apr,CYC,5/31/24,0.0542,0.0542,,NA,NA,NA,NA,NA,NA,,,,NA,18,,,
98,id449,9,16,4,13,HM011,5,+,I,I+,id:449,,632,Bot,2,RIGHT,MD,3,18-Apr,CYC,5/31/24,0.1238,0.1238,,NA,NA,NA,NA,NA,NA,,,,NA,26,,,
203,id450,11,23,1,12,HM011,6,+,I,I+,id:450,,666,Bot,7,RIGHT,MD,12,18-Apr,CYC,5/31/24,0.1953,0.1953,,NA,NA,NA,NA,NA,NA,,,,NA,26,,,
218,id451,13,46,0,13,HM011,7,+,I,I+,id:451,,637,Bot,2,RIGHT,MD,13,18-Apr,EY,5/31/24,0.0573,0.0573,,NA,NA,NA,NA,NA,NA,,,,NA,27,,,
567,id452,0,11,0,0,HM011,1,-,H,H-,id:452,,669,Bot,2,RIGHT,FD,5,18-Apr,ADBM,5/31/24,0.0346,0.0346,,NA,NA,NA,NA,NA,NA,,,,NA,12,,,
549,id453,0,79,0,0,HM011,2,-,H,H-,id:453,,698,Bot,7,RIGHT,FD,6,18-Apr,CYC,5/31/24,0.0558,0.0558,,NA,NA,NA,NA,NA,NA,,,,NA,23,,,
519,id454,0,13,0,0,HM011,3,-,H,H-,id:454,,681,Bot,4,RIGHT,FD,9,18-Apr,ADBM,5/31/24,0.1852,0.1852,,NA,NA,NA,NA,NA,NA,,,,NA,23,,,
507,id455,0,29,0,0,HM011,4,-,H,H-,id:455,,688,Bot,5,RIGHT,FD,10,18-Apr,MC,5/31/24,0.2574,0.2574,,NA,NA,NA,NA,NA,NA,,,,NA,26,,,
488,id456,0,9,0,0,HM011,5,-,H,H-,id:456,,690,Bot,6,RIGHT,FD,3,18-Apr,CYC,5/31/24,0.1555,0.1555,,NA,NA,NA,NA,NA,NA,,,,NA,24,,,
496,id457,0,38,0,0,HM011,6,-,H,H-,id:457,,677,Bot,3,RIGHT,FD,12,18-Apr,ADBM,5/31/24,0.1216,0.1216,,NA,NA,NA,NA,NA,NA,,,,NA,22,,,
458,id458,0,27,0,0,HM011,7,-,H,H-,id:458,,695,Bot,6,RIGHT,FD,13,18-Apr,MC,5/31/24,0.2355,0.2355,,NA,NA,NA,NA,NA,NA,,,,NA,31,,,
107,id459,35,21,3,38,HM071,1,+,USDA1021,A+,id:459,,22,Top,5,LEFT,FD,5,15-Apr,ADBM,7/2/24,0.0096,0.0096,0.0092,NA,NA,NA,NA,NA,NA,,,,NA,13,,,
88,id460,13,37,0,13,HM071,2,+,USDA1021,A+,id:460,,17,Top,4,LEFT,FD,6,15-Apr,ADBM,7/2/24,0.019,0.019,0.0164,NA,NA,NA,NA,NA,NA,,,,NA,15,,,
96,id461,42,39,6,48,HM071,3,+,USDA1021,A+,id:461,,30,Top,6,LEFT,FD,9,15-Apr,ADBM,7/2/24,0.0156,0.0156,0.0137,NA,NA,NA,NA,NA,NA,,,,NA,13,,,
77,id462,31,57,1,32,HM071,4,+,USDA1021,A+,id:462,,13,Top,3,LEFT,FD,10,15-Apr,ADBM,7/2/24,0.0168,0.0168,0.0165,NA,NA,NA,NA,NA,NA,,,,NA,14,very small nods (made it hard to decipher from galls),,
69,id463,36,48,2,38,HM071,5,+,USDA1021,A+,id:463,,2,Top,2,LEFT,FD,3,15-Apr,ADBM,7/2/24,0.0211,0.0211,0.0231,NA,NA,NA,NA,NA,NA,,,,NA,7,,5/29/24,gregory lab scale  
105,id465,16,49,5,21,HM071,7,+,USDA1021,A+,id:465,,8,Top,2,LEFT,FD,13,15-Apr,ADBM,7/2/24,0.008,0.008,0.009,NA,NA,NA,NA,NA,NA,,,,NA,4,,6/21/24,gls 
467,id466,0,23,0,0,HM071,1,-,I,I-,id:466,,108,Top,2,LEFT,FB,5,16-Apr,ADBM,5/29/24,0.0405,0.0405,,NA,NA,NA,NA,NA,NA,,,,NA,10,,,
481,id467,0,11,0,0,HM071,2,-,I,I-,id:467,,137,Top,7,LEFT,FB,6,16-Apr,ADBM,5/31/24,0.1145,0.1145,,NA,NA,NA,NA,NA,NA,,,,NA,13,,,
520,id468,0,25,0,0,HM071,3,-,I,I-,id:468,,121,Top,4,LEFT,FB,9,16-Apr,ADBM,5/29/24,0.1745,0.1745,,NA,NA,NA,NA,NA,NA,,,,NA,28,,,
506,id469,0,29,0,0,HM071,4,-,I,I-,id:469,,128,Top,5,LEFT,FB,10,16-Apr,ADBM,5/29/24,0.2267,0.2267,,NA,NA,NA,NA,NA,NA,,,,NA,16,,,
459,id470,0,26,0,0,HM071,5,-,I,I-,id:470,,129,Top,6,LEFT,FB,3,16-Apr,ADBM,5/29/24,0.1395,0.1395,,NA,NA,NA,NA,NA,NA,,,,NA,22,,,
447,id471,0,23,0,0,HM071,6,-,I,I-,id:471,,117,Top,3,LEFT,FB,12,16-Apr,ADBM,5/29/24,0.2464,0.2464,,NA,NA,NA,NA,NA,NA,,,,NA,23,,,
468,id472,0,18,0,0,HM071,7,-,I,I-,id:472,,134,Top,6,LEFT,FB,13,16-Apr,ADBM,5/31/24,0.1507,0.1507,,NA,NA,NA,NA,NA,NA,,,,NA,29,,,
480,id473,0,19,0,0,HM071,1,-,J,J-,id:473,,261,Mid,5,LEFT,FB,5,17-Apr,ADBM,6/7/24,0.2446,0.2446,,NA,NA,NA,NA,NA,NA,,,,NA,22,,,
423,id474,0,7,0,0,HM071,2,-,J,J-,id:474,,255,Mid,4,LEFT,FB,6,17-Apr,ADBM,6/7/24,0.2181,0.2181,,NA,NA,NA,NA,NA,NA,,,,NA,31,,,
439,id475,0,24,0,0,HM071,3,-,J,J-,id:475,,269,Mid,6,LEFT,FB,9,17-Apr,ADBM,6/7/24,0.2564,0.2564,,NA,NA,NA,NA,NA,NA,,,,NA,20,,,
417,id476,0,15,0,0,HM071,4,-,J,J-,id:476,,251,Mid,3,LEFT,FB,10,17-Apr,ADBM,6/7/24,0.128,0.128,,NA,NA,NA,NA,NA,NA,,,,NA,13,,,
528,id478,0,19,0,0,HM071,6,-,J,J-,id:478,,277,Mid,7,LEFT,FB,12,17-Apr,ADBM,6/7/24,0.1683,0.1683,,NA,NA,NA,NA,NA,NA,,,,NA,22,,,
544,id479,0,27,0,0,HM071,7,-,J,J-,id:479,,246,Mid,2,LEFT,FB,13,17-Apr,ADBM,6/7/24,0.2531,0.2531,,NA,NA,NA,NA,NA,NA,,,,NA,18,,,
160,id480,3,2,1,4,HM071,1,+,J,J+,id:480,,439,Top,5,RIGHT,MD,5,19-Apr,ADBM,5/31/24,0.1824,0.1824,,NA,NA,NA,NA,NA,NA,,,,NA,24,,,
172,id482,10,14,9,19,HM071,3,+,J,J+,id:482,,447,Top,6,RIGHT,MD,9,19-Apr,AC,5/31/24,0.1422,0.1422,,NA,NA,NA,NA,NA,NA,,,,NA,4,,,
189,id483,34,26,17,51,HM071,4,+,J,J+,id:483,,429,Top,3,RIGHT,MD,10,19-Apr,ADBM,5/31/24,0.16,0.16,,NA,NA,NA,NA,NA,NA,,,,NA,22,,,
232,id484,3,23,1,4,HM071,5,+,J,J+,id:484,,419,Top,2,RIGHT,MD,3,19-Apr,ADBM,5/31/24,0.1424,0.1424,,NA,NA,NA,NA,NA,NA,,,,NA,33,,,
243,id485,21,14,10,31,HM071,6,+,J,J+,id:485,,455,Top,7,RIGHT,MD,12,19-Apr,AC,5/31/24,0.1549,0.1549,,NA,NA,NA,NA,NA,NA,,,,NA,29,,,
215,id486,12,10,3,15,HM071,7,+,J,J+,id:486,,424,Top,2,RIGHT,MD,13,19-Apr,ADBM,5/31/24,0.1518,0.1518,,NA,NA,NA,NA,NA,NA,,,,NA,23,,,
530,id487,0,42,0,0,HM071,1,-,USDA1021,A-,id:487,,511,Mid,5,RIGHT,MB,5,17-Apr,ADBM,6/21/24,0.0363,0.0363,,NA,NA,NA,NA,NA,NA,,,,NA,31,,,
403,id488,0,54,0,0,HM071,2,-,USDA1021,A-,id:488,,506,Mid,4,RIGHT,MB,6,17-Apr,ADBM,6/21/24,0.0208,0.0208,,NA,NA,NA,NA,NA,NA,,,,NA,40,,,
415,id489,0,71,0,0,HM071,3,-,USDA1021,A-,id:489,,519,Mid,6,RIGHT,MB,9,17-Apr,ADBM,6/21/24,0.402,0.402,,NA,NA,NA,NA,NA,NA,,,,NA,40,,,
551,id490,0,56,0,0,HM071,4,-,USDA1021,A-,id:490,,502,Mid,3,RIGHT,MB,10,17-Apr,ADBM,6/21/24,0.3,0.3,,NA,NA,NA,NA,NA,NA,,,,NA,40,,,
565,id491,0,108,0,0,HM071,5,-,USDA1021,A-,id:491,,491,Mid,2,RIGHT,MB,3,17-Apr,ADBM,6/21/24,0.0419,0.0419,,NA,NA,NA,NA,NA,NA,,,,NA,30,,,
543,id492,0,76,0,0,HM071,6,-,USDA1021,A-,id:492,,527,Mid,7,RIGHT,MB,12,17-Apr,ADBM,6/21/24,0.0249,0.0249,,NA,NA,NA,NA,NA,NA,,,,NA,35,,,
529,id493,0,82,0,0,HM071,7,-,USDA1021,A-,id:493,,497,Mid,2,RIGHT,MB,13,17-Apr,ADBM,6/21/24,0.0241,0.0241,,NA,NA,NA,NA,NA,NA,,,,NA,37,,,
159,id494,6,30,0,6,HM071,1,+,I,I+,id:494,,633,Bot,2,RIGHT,MD,5,18-Apr,CYC,5/31/24,0.0166,0.0166,,NA,NA,NA,NA,NA,NA,,,,NA,10,,,
145,id495,36,9,9,45,HM071,2,+,I,I+,id:495,,664,Bot,7,RIGHT,MD,6,18-Apr,CYC,5/31/24,0.1344,0.1344,,NA,NA,NA,NA,NA,NA,,,,NA,21,,,
171,id496,20,17,9,29,HM071,3,+,I,I+,id:496,,646,Bot,4,RIGHT,MD,9,18-Apr,CYC,5/31/24,0.1214,0.1214,,NA,NA,NA,NA,NA,NA,,,,NA,18,,,
190,id497,19,24,8,27,HM071,4,+,I,I+,id:497,,653,Bot,5,RIGHT,MD,10,18-Apr,MC,5/31/24,0.1729,0.1729,,NA,NA,NA,NA,NA,NA,,,,NA,21,,,
133,id498,19,17,9,28,HM071,5,+,I,I+,id:498,,656,Bot,6,RIGHT,MD,3,18-Apr,MC,5/31/24,0.225,0.225,,NA,NA,NA,NA,NA,NA,,,,NA,18,,,
123,id499,15,14,13,28,HM071,6,+,I,I+,id:499,,642,Bot,3,RIGHT,MD,12,18-Apr,EY,5/31/24,0.1645,0.1645,,NA,NA,NA,NA,NA,NA,,,,NA,26,,,
90,id500,33,5,5,38,HM071,7,+,I,I+,id:500,,661,Bot,6,RIGHT,MD,13,18-Apr,ADBM,5/31/24,0.181,0.181,,NA,NA,NA,NA,NA,NA,,,,NA,27,,,
75,id502,54,56,4,58,HM170,2,+,C,C+,id:502,,310,Bot,7,LEFT,FD,6,17-Apr,ADBM,6/7/24,0.1711,0.1711,,NA,NA,NA,NA,NA,NA,,,,NA,17,,,
72,id503,25,71,19,44,HM170,3,+,C,C+,id:503,,293,Bot,4,LEFT,FD,9,17-Apr,ADBM,6/7/24,0.1561,0.1561,,NA,NA,NA,NA,NA,NA,,,,NA,23,,,
115,id504,8,62,2,10,HM170,4,+,C,C+,id:504,,300,Bot,5,LEFT,FD,10,17-Apr,ADBM,6/7/24,0.075,0.075,,NA,NA,NA,NA,NA,NA,,,,NA,11,,,
109,id505,31,63,19,50,HM170,5,+,C,C+,id:505,,302,Bot,6,LEFT,FD,3,17-Apr,ADBM,6/7/24,0.1682,0.1682,,NA,NA,NA,NA,NA,NA,,,,NA,20,,,
124,id506,33,48,10,43,HM170,6,+,C,C+,id:506,,289,Bot,3,LEFT,FD,12,17-Apr,ADBM,6/7/24,0.1341,0.1341,,NA,NA,NA,NA,NA,NA,,,,NA,21,,,
132,id507,27,16,7,34,HM170,7,+,C,C+,id:507,,307,Bot,6,LEFT,FD,13,17-Apr,EY,6/7/24,0.2572,0.2572,,NA,NA,NA,NA,NA,NA,,,,NA,20,,,
188,id508,10,74,2,12,HM170,8,+,C,C+,id:508,,284,Bot,3,LEFT,FD,2,17-Apr,ADBM,6/7/24,0.2199,0.2199,,NA,NA,NA,NA,NA,NA,,,,NA,27,,,
509,id509,0,80,0,0,HM170,1,-,C,C-,id:509,,386,Top,2,RIGHT,MB,5,17-Apr,MC,6/10/24,0.0795,0.0795,,NA,NA,NA,NA,NA,NA,,,,NA,23,,,
455,id510,0,49,0,0,HM170,2,-,C,C-,id:510,,415,Top,7,RIGHT,MB,6,17-Apr,ADBM,6/10/24,0.1305,0.1305,,NA,NA,NA,NA,NA,NA,,,,NA,36,,,
448,id511,0,49,0,0,HM170,3,-,C,C-,id:511,,398,Top,4,RIGHT,MB,9,17-Apr,MC,6/10/24,0.0464,0.0464,,NA,NA,NA,NA,NA,NA,,,,NA,21,,,
470,id512,0,22,0,0,HM170,4,-,C,C-,id:512,,405,Top,5,RIGHT,MB,10,17-Apr,ADBM,6/10/24,0.145,0.145,,NA,NA,NA,NA,NA,NA,,,,NA,17,,,
478,id513,0,40,0,0,HM170,5,-,C,C-,id:513,,407,Top,6,RIGHT,MB,3,17-Apr,ADBM,6/10/24,0.121,0.121,,NA,NA,NA,NA,NA,NA,,,,NA,27,,,
426,id514,0,98,0,0,HM170,6,-,C,C-,id:514,,394,Top,3,RIGHT,MB,12,17-Apr,ADBM,6/10/24,0.0707,0.0707,,NA,NA,NA,NA,NA,NA,,,,NA,15,,,
437,id515,0,46,0,0,HM170,7,-,C,C-,id:515,,412,Top,6,RIGHT,MB,13,17-Apr,MC,6/10/24,0.0529,0.0529,,NA,NA,NA,NA,NA,NA,,,,NA,26,,,
76,id516,18,47,8,26,HM097,1,+,USDA1021,A+,id:516,,3,Top,2,LEFT,FD,5,15-Apr,ADBM,7/2/24,0.0991,0.0991,0.0982,NA,NA,NA,NA,NA,NA,,,,NA,19,,5/30/24,gregory lab scale
70,id517,6,28,8,14,HM097,2,+,USDA1021,A+,id:517,,35,Top,7,LEFT,FD,6,15-Apr,ADBM,7/2/24,0.0916,0.0916,0.0868,NA,NA,NA,NA,NA,NA,,,,NA,22,,,
208,id518,16,28,4,20,HM097,3,+,USDA1021,A+,id:518,,18,Top,4,LEFT,FD,9,15-Apr,ADBM,7/2/24,0.1609,0.1609,0.1603,NA,NA,NA,NA,NA,NA,,,,NA,34,,,
212,id519,18,30,8,26,HM097,4,+,USDA1021,A+,id:519,,25,Top,5,LEFT,FD,10,15-Apr,ADBM,7/2/24,0.1041,0.1041,0.1015,NA,NA,NA,NA,NA,NA,,,,NA,28,,,
186,id520,17,46,3,20,HM097,5,+,USDA1021,A+,id:520,,27,Top,6,LEFT,FD,3,15-Apr,ADBM,7/2/24,0.1066,0.1066,0.1053,NA,NA,NA,NA,NA,NA,,,,NA,NA,,,
173,id521,22,33,7,29,HM097,6,+,USDA1021,A+,id:521,,14,Top,3,LEFT,FD,12,15-Apr,ADBM,7/2/24,0.0622,0.0622,0.0604,NA,NA,NA,NA,NA,NA,,,,NA,21,,,
148,id522,22,21,2,24,HM097,1,+,H,H+,id:522,,236,Mid,7,LEFT,MB,5,17-Apr,ADBM,5/31/24,0.0636,0.0636,,NA,NA,NA,NA,NA,NA,,,,NA,25,,,
157,id523,22,57,9,31,HM097,2,+,H,H+,id:523,,208,Mid,2,LEFT,MB,6,16-Apr,ADBM,5/30/24,0.1017,0.1017,,NA,NA,NA,NA,NA,NA,,,,NA,22,,,
206,id524,18,43,8,26,HM097,3,+,H,H+,id:524,,226,Mid,5,LEFT,MB,9,17-Apr,ADBM,5/31/24,0.0563,0.0563,,NA,NA,NA,NA,NA,NA,,,,NA,20,,,
214,id525,28,36,3,31,HM097,4,+,H,H+,id:525,,221,Mid,4,LEFT,MB,10,16-Apr,EY,5/30/24,0.0464,0.0464,,NA,NA,NA,NA,NA,NA,,,,NA,20,,,
240,id526,19,32,8,27,HM097,5,+,H,H+,id:526,,233,Mid,6,LEFT,MB,12,17-Apr,ADBM,5/31/24,0.1058,0.1058,,NA,NA,NA,NA,NA,NA,,,,NA,18,,,
235,id527,18,44,4,22,HM097,6,+,H,H+,id:527,,212,Mid,3,LEFT,MB,3,16-Apr,ADBM,5/30/24,0.0808,0.0808,,NA,NA,NA,NA,NA,NA,,,,NA,17,,,
89,id528,14,15,15,29,HM097,1,+,C,C+,id:528,,309,Bot,7,LEFT,FD,5,17-Apr,EY,6/7/24,0.2499,0.2499,,NA,NA,NA,NA,NA,NA,,,,NA,22,,,
95,id529,16,19,8,24,HM097,2,+,C,C+,id:529,,280,Bot,2,LEFT,FD,6,17-Apr,ADBM,6/7/24,0.0789,0.0789,,NA,NA,NA,NA,NA,NA,,,,NA,33,,,
207,id530,13,16,2,15,HM097,3,+,C,C+,id:530,,299,Bot,5,LEFT,FD,9,17-Apr,ADBM,6/7/24,0.2125,0.2125,,NA,NA,NA,NA,NA,NA,,,,NA,17,,,
679,id531,NA,NA,NA,NA,HM097,4,+,C,C+,id:531,,294,Bot,4,LEFT,FD,10,17-Apr,ADBM,6/7/24,0.1406,0.1406,,NA,NA,NA,NA,NA,NA,,,,NA,28,,,
196,id531plant1,17,18,6,23,HM097,4,+,C,C+,id:531,,294,Bot,4,LEFT,FD,10,17-Apr,ADBM,NA,NA,NA,NA,NA,NA,NA,NA,NA,NA,NA,NA,NA,NA,NA,NA,NA,NA
165,id531plant2,5,8,1,6,HM097,4,+,C,C+,id:531,,294,Bot,4,LEFT,FD,10,17-Apr,ADBM,NA,NA,NA,NA,NA,NA,NA,NA,NA,NA,NA,NA,NA,NA,NA,NA,NA,NA
141,id531plant3,2,2,0,2,HM097,4,+,C,C+,id:531,,294,Bot,4,LEFT,FD,10,17-Apr,ADBM,NA,NA,NA,NA,NA,NA,NA,NA,NA,NA,NA,NA,NA,NA,NA,NA,NA,NA
242,id532,12,27,5,17,HM097,5,+,C,C+,id:532,,306,Bot,6,LEFT,FD,12,17-Apr,ADBM,6/7/24,0.1275,0.1275,,NA,NA,NA,NA,NA,NA,,,,NA,30,,,
234,id533,15,16,5,20,HM097,6,+,C,C+,id:533,,285,Bot,3,LEFT,FD,3,17-Apr,ADBM,6/7/24,0.1661,0.1661,,NA,NA,NA,NA,NA,NA,,,,NA,24,,,
517,id534,0,29,0,0,HM097,1,-,C,C-,id:534,,414,Top,7,RIGHT,MB,5,17-Apr,MC,6/10/24,0.076,0.076,,NA,NA,NA,NA,NA,NA,,,,NA,23,,,
510,id535,0,12,0,0,HM097,2,-,C,C-,id:535,,387,Top,2,RIGHT,MB,6,17-Apr,ADBM,6/10/24,0.0748,0.0748,,NA,NA,NA,NA,NA,NA,,,,NA,15,,,
490,id536,0,14,0,0,HM097,3,-,C,C-,id:536,,404,Top,5,RIGHT,MB,9,17-Apr,ADBM,6/10/24,0.1021,0.1021,,NA,NA,NA,NA,NA,NA,,,,NA,39,,,
494,id537,0,11,0,0,HM097,4,-,C,C-,id:537,,399,Top,4,RIGHT,MB,10,17-Apr,ADBM,6/10/24,0.1254,0.1254,,NA,NA,NA,NA,NA,NA,,,,NA,28,,,
454,id538,0,15,0,0,HM097,5,-,C,C-,id:538,,411,Top,6,RIGHT,MB,12,17-Apr,ADBM,6/10/24,0.0913,0.0913,,NA,NA,NA,NA,NA,NA,,,,NA,18,,,
450,id539,0,24,0,0,HM097,6,-,C,C-,id:539,,390,Top,3,RIGHT,MB,3,17-Apr,CYC,6/10/24,0.047,0.047,,NA,NA,NA,NA,NA,NA,,,,NA,20,,,
581,id540,0,20,0,0,HM097,1,-,USDA1021,A-,id:540,,492,Mid,2,RIGHT,MB,5,17-Apr,ADBM,6/21/24,0.2015,0.2015,,NA,NA,NA,NA,NA,NA,,,,NA,20,,,
577,id541,0,7,0,0,HM097,2,-,USDA1021,A-,id:541,,524,Mid,7,RIGHT,MB,6,17-Apr,ADBM,6/21/24,0.2511,0.2511,,NA,NA,NA,NA,NA,NA,,,,NA,31,,,
597,id542,0,14,0,0,HM097,3,-,USDA1021,A-,id:542,,507,Mid,4,RIGHT,MB,9,17-Apr,ADBM,6/21/24,0.2618,0.2618,,NA,NA,NA,NA,NA,NA,,,,NA,36,,,
601,id543,0,19,0,0,HM097,4,-,USDA1021,A-,id:543,,514,Mid,5,RIGHT,MB,10,17-Apr,ADBM,6/21/24,0.1419,0.1419,,NA,NA,NA,NA,NA,NA,,,,NA,34,,,
644,id544,0,23,0,0,HM097,5,-,USDA1021,A-,id:544,,516,Mid,6,RIGHT,MB,3,17-Apr,ADBM,6/21/24,0.1455,0.1455,,NA,NA,NA,NA,NA,NA,,,,NA,22,,,
647,id545,0,6,0,0,HM097,6,-,USDA1021,A-,id:545,,503,Mid,3,RIGHT,MB,12,17-Apr,ADBM,6/21/24,0.1151,0.1151,,NA,NA,NA,NA,NA,NA,,,,NA,27,,,
619,id547,0,62,0,0,HM097,2,-,H,H-,id:547,,670,Bot,2,RIGHT,FD,6,18-Apr,ADBM,5/31/24,0.0765,0.0765,,NA,NA,NA,NA,NA,NA,,,,NA,15,,,
345,id548,0,29,0,0,HM097,3,-,H,H-,id:548,,687,Bot,5,RIGHT,FD,9,18-Apr,CYC,5/31/24,0.1778,0.1778,,NA,NA,NA,NA,NA,NA,,,,NA,24,,,
351,id549,0,32,0,0,HM097,4,-,H,H-,id:549,,682,Bot,4,RIGHT,FD,10,18-Apr,ADBM,5/31/24,0.1573,0.1573,,NA,NA,NA,NA,NA,NA,,,,NA,23,,,
642,id550,0,12,0,0,HM097,5,-,H,H-,id:550,,694,Bot,6,RIGHT,FD,12,18-Apr,ADBM,5/31/24,0.1857,0.1857,,NA,NA,NA,NA,NA,NA,,,,NA,32,,,
648,id551,0,25,0,0,HM097,6,-,H,H-,id:551,,673,Bot,3,RIGHT,FD,3,18-Apr,ADBM,5/31/24,0.15,0.15,,NA,NA,NA,NA,NA,NA,,,,NA,28,,,
309,id552,43,26,15,58,HM044,1,+,USDA1021,A+,id:552,,34,Top,7,LEFT,FD,5,15-Apr,ADBM,7/2/24,0.2453,0.2453,0.2423,NA,NA,NA,NA,NA,NA,,,,NA,26,,,
305,id553,15,29,1,16,HM044,2,+,USDA1021,A+,id:553,,4,Top,2,LEFT,FD,6,15-Apr,ADBM,7/2/24,0.0746,0.0746,0.0741,NA,NA,NA,NA,NA,NA,,,,NA,19,,5/31/24,gls
265,id554,36,30,8,44,HM044,3,+,USDA1021,A+,id:554,,24,Top,5,LEFT,FD,9,15-Apr,ADBM,7/2/24,0.149,0.149,0.1471,NA,NA,NA,NA,NA,NA,,,,NA,16,,,
259,id555,5,13,3,8,HM044,4,+,USDA1021,A+,id:555,,19,Top,4,LEFT,FD,10,15-Apr,ADBM,7/2/24,0.1438,0.1438,0.1486,NA,NA,NA,NA,NA,NA,,,,NA,12,,,
281,id556,39,30,3,42,HM044,5,+,USDA1021,A+,id:556,,32,Top,6,LEFT,FD,12,15-Apr,ADBM,7/2/24,0.0556,0.0556,0.0531,NA,NA,NA,NA,NA,NA,,,,NA,16,,,
289,id557,29,33,6,35,HM044,6,+,USDA1021,A+,id:557,,9,Top,3,LEFT,FD,3,15-Apr,ADBM,7/2/24,0.2239,0.2239,0.2199,NA,NA,NA,NA,NA,NA,,,,NA,21,,,
393,id558,0,16,0,0,HM044,1,-,USDA1021,A-,id:558,,523,Mid,7,RIGHT,MB,5,17-Apr,ADBM,6/21/24,0.1775,0.1775,,NA,NA,NA,NA,NA,NA,,,,NA,30,,,
392,id559,0,16,0,0,HM044,2,-,USDA1021,A-,id:559,,493,Mid,2,RIGHT,MB,6,17-Apr,ADBM,6/21/24,0.2373,0.2373,,NA,NA,NA,NA,NA,NA,,,,NA,26,,,
346,id560,0,20,0,0,HM044,3,-,USDA1021,A-,id:560,,513,Mid,5,RIGHT,MB,9,17-Apr,ADBM,6/21/24,0.1883,0.1883,,NA,NA,NA,NA,NA,NA,,,,NA,21,,,
349,id561,0,9,0,0,HM044,4,-,USDA1021,A-,id:561,,508,Mid,4,RIGHT,MB,10,17-Apr,ADBM,6/21/24,0.1433,0.1433,,NA,NA,NA,NA,NA,NA,,,,NA,29,,,
370,id562,0,11,0,0,HM044,5,-,USDA1021,A-,id:562,,521,Mid,6,RIGHT,MB,12,17-Apr,ADBM,6/21/24,0.2519,0.2519,,NA,NA,NA,NA,NA,NA,,,,NA,18,,,
366,id563,0,15,0,0,HM044,6,-,USDA1021,A-,id:563,,498,Mid,3,RIGHT,MB,3,17-Apr,ADBM,6/21/24,0.2348,0.2348,,NA,NA,NA,NA,NA,NA,,,,NA,34,,,
395,id564,0,22,0,0,HM044,1,-,WSM1022,B-,id:564,,615,Bot,5,RIGHT,MB,5,18-Apr,ADBM,6/21/24,0.0998,0.0998,,NA,NA,NA,NA,NA,NA,,,,NA,31,,,
381,id566,0,19,0,0,HM044,3,-,WSM1022,B-,id:566,,621,Bot,6,RIGHT,MB,9,18-Apr,ADBM,6/21/24,0.1567,0.1567,,NA,NA,NA,NA,NA,NA,,,,NA,32,,,
584,id568,0,13,0,0,HM044,5,-,WSM1022,B-,id:568,,598,Bot,2,RIGHT,MB,3,18-Apr,ADBM,6/21/24,0.1351,0.1351,,NA,NA,NA,NA,NA,NA,,,,NA,27,,,
575,id569,0,7,0,0,HM044,6,-,WSM1022,B-,id:569,,629,Bot,7,RIGHT,MB,12,18-Apr,ADBM,6/21/24,0.1392,0.1392,,NA,NA,NA,NA,NA,NA,,,,NA,34,,,
55,id570,69,13,5,74,HM148,1,+,G,G+,id:570,,101,Top,7,LEFT,MB,5,16-Apr,ADBM,5/31/24,0.0711,0.0711,,NA,NA,NA,NA,NA,NA,,,,NA,12,,,
38,id573,11,7,4,15,HM148,4,+,G,G+,id:573,,87,Top,4,LEFT,MB,10,16-Apr,ADBM,5/29/24,0.0469,0.0469,,NA,NA,NA,NA,NA,NA,,,,NA,14,,,
5,id574,28,9,1,29,HM148,5,+,G,G+,id:574,,98,Top,6,LEFT,MB,12,16-Apr,ADBM,5/31/24,0.0456,0.0456,,NA,NA,NA,NA,NA,NA,,,,NA,9,,,
8,id575,9,10,0,9,HM148,6,+,G,G+,id:575,,79,Top,3,LEFT,MB,3,15-Apr,ADBM,5/29/24,0.0547,0.0547,,NA,NA,NA,NA,NA,NA,,,,NA,17,,,
20,id576,16,11,1,17,HM148,1,+,WSM1022,B+,id:576,,167,Mid,7,LEFT,FD,5,16-Apr,ADBM,5/29/24,0.0112,0.0112,,NA,NA,NA,NA,NA,NA,,,,NA,3,,,
16,id577,9,24,11,20,HM148,2,+,WSM1022,B+,id:577,,143,Mid,2,LEFT,FD,6,16-Apr,ADBM,5/29/24,0.1566,0.1566,,NA,NA,NA,NA,NA,NA,,,,NA,29,,,
324,id578,7,7,10,17,HM148,3,+,WSM1022,B+,id:578,,159,Mid,5,LEFT,FD,9,16-Apr,ADBM,5/29/24,0.1247,0.1247,,NA,NA,NA,NA,NA,NA,,,,NA,30,,,
330,id579,28,16,0,28,HM148,4,+,WSM1022,B+,id:579,,154,Mid,4,LEFT,FD,10,16-Apr,ADBM,5/29/24,0.0312,0.0312,,NA,NA,NA,NA,NA,NA,,,,NA,9,,,
288,id580,29,32,9,38,HM148,5,+,WSM1022,B+,id:580,,165,Mid,6,LEFT,FD,12,16-Apr,ADBM,5/29/24,0.107,0.107,,NA,NA,NA,NA,NA,NA,,,,NA,19,,,
599,id581,0,18,0,0,HM148,1,-,G,G-,id:581,,557,Mid,7,RIGHT,FD,5,18-Apr,CYC,6/12/24,0.2049,0.2049,,NA,NA,NA,NA,NA,NA,,,,NA,30,,,
579,id583,0,12,0,0,HM148,3,-,G,G-,id:583,,548,Mid,5,RIGHT,FD,9,18-Apr,CYC,6/12/24,0.0189,0.0189,,NA,NA,NA,NA,NA,NA,,,,NA,18,,,
622,id584,0,7,0,0,HM148,4,-,G,G-,id:584,,543,Mid,4,RIGHT,FD,10,18-Apr,ADBM,6/12/24,0.0569,0.0569,,NA,NA,NA,NA,NA,NA,,,,NA,15,,,
624,id585,0,35,0,0,HM148,5,-,G,G-,id:585,,554,Mid,6,RIGHT,FD,12,18-Apr,CYC,6/12/24,0.1998,0.1998,,NA,NA,NA,NA,NA,NA,,,,NA,20,,,
646,id586,0,15,0,0,HM148,1,-,WSM1022,B-,id:586,,626,Bot,7,RIGHT,MB,5,18-Apr,ADBM,6/21/24,0.159,0.159,,NA,NA,NA,NA,NA,NA,,,,NA,35,,,
645,id587,0,11,0,0,HM148,2,-,WSM1022,B-,id:587,,600,Bot,2,RIGHT,MB,6,18-Apr,ADBM,6/21/24,0.1535,0.1535,,NA,NA,NA,NA,NA,NA,,,,NA,NA,missing nod count,,
367,id588,0,2,0,0,HM148,3,-,WSM1022,B-,id:588,,617,Bot,5,RIGHT,MB,9,18-Apr,ADBM,6/21/24,0.0177,0.0177,,NA,NA,NA,NA,NA,NA,,,,NA,11,,,
368,id589,0,27,0,0,HM148,4,-,WSM1022,B-,id:589,,612,Bot,4,RIGHT,MB,10,18-Apr,ADBM,6/21/24,0.0601,0.0601,,NA,NA,NA,NA,NA,NA,,,,NA,20,,,
623,id590,0,6,0,0,HM148,5,-,WSM1022,B-,id:590,,623,Bot,6,RIGHT,MB,12,18-Apr,ADBM,6/21/24,0.0699,0.0699,,NA,NA,NA,NA,NA,NA,,,,NA,18,,,
308,id591,8,25,2,10,HM001,1,+,USDA1021,A+,id:591,,10,Top,3,LEFT,FD,5,15-Apr,ADBM,7/2/24,0.2366,0.2366,0.2324,NA,NA,NA,NA,NA,NA,,,,NA,11,,,
329,id592,1,17,4,5,HM001,2,+,USDA1021,A+,id:592,,29,Top,6,LEFT,FD,6,15-Apr,ADBM,7/2/24,0.0956,0.0956,0.0994,NA,NA,NA,NA,NA,NA,,,,NA,16,,,
325,id593,5,31,0,5,HM001,3,+,USDA1021,A+,id:593,,5,Top,2,LEFT,FD,9,15-Apr,ADBM,7/2/24,0.2573,0.2573,0.2476,NA,NA,NA,NA,NA,NA,,,,NA,11,,6/7/24,gls
287,id594,2,11,0,2,HM001,4,+,USDA1021,A+,id:594,,37,Top,7,LEFT,FD,10,15-Apr,ADBM,7/2/24,0.092,0.092,0.1165,NA,NA,NA,NA,NA,NA,,,,NA,19,,,
282,id595,2,18,3,5,HM001,5,+,USDA1021,A+,id:595,,20,Top,4,LEFT,FD,12,15-Apr,ADBM,7/2/24,0.1624,0.1624,0.1615,NA,NA,NA,NA,NA,NA,,,,NA,12,,,
260,id596,11,16,3,14,HM001,6,+,USDA1021,A+,id:596,,21,Top,5,LEFT,FD,3,15-Apr,ADBM,7/2/24,0.2574,0.2574,0.2536,NA,NA,NA,NA,NA,NA,,,,NA,16,,,
580,id597,0,49,0,0,HM001,1,-,D,D-,id:597,,46,Top,3,LEFT,MD,5,15-Apr,ADBM,,0.0488,,0.0456,NA,NA,NA,NA,NA,NA,,,,NA,17,,,
384,id598,0,34,0,0,HM001,2,-,D,D-,id:598,,62,Top,6,LEFT,MD,6,15-Apr,ADBM,,0.1229/0.0354/0.0881 ,,total weight: 0.1247 leaves: 0.0363 pods: 0.882,NA,NA,NA,NA,NA,NA,,,,NA,22,seeds ,,
383,id599,0,10,0,0,HM001,3,-,D,D-,id:599,,43,Top,2,LEFT,MD,9,15-Apr,ADBM,,0.0076,,0.0082,NA,NA,NA,NA,NA,NA,,,,NA,11,,,
376,id600,0,33,0,0,HM001,4,-,D,D-,id:600,,70,Top,7,LEFT,MD,10,15-Apr,ADBM,,0.6544,,0.0649,NA,NA,NA,NA,NA,NA,,,,NA,15,,,
361,id601,0,34,0,0,HM001,5,-,D,D-,id:601,,54,Top,4,LEFT,MD,12,15-Apr,ADBM,,0.0855,,0.0851,NA,NA,NA,NA,NA,NA,,,,NA,19,,,
338,id602,0,31,0,0,HM001,6,-,D,D-,id:602,,55,Top,5,LEFT,MD,3,15-Apr,ADBM,,0.0723,,0.0711,NA,NA,NA,NA,NA,NA,,,,NA,12,,,
10,id603,3,10,3,6,HM001,1,+,G,G+,id:603,,80,Top,3,LEFT,MB,5,15-Apr,ADBM,5/29/24,0.0585,0.0585,,NA,NA,NA,NA,NA,NA,,,,NA,14,,,
26,id604,14,28,4,18,HM001,2,+,G,G+,id:604,,95,Top,6,LEFT,MB,6,16-Apr,ADBM,5/29/24,0.1154,0.1154,,NA,NA,NA,NA,NA,NA,,,,NA,18,,,
44,id605,8,22,1,9,HM001,3,+,G,G+,id:605,,76,Top,2,LEFT,MB,9,15-Apr,ADBM,5/29/24,0.0476,0.0476,,NA,NA,NA,NA,NA,NA,,,,NA,18,,,
65,id606,6,40,2,8,HM001,4,+,G,G+,id:606,,103,Top,7,LEFT,MB,10,16-Apr,ADBM,5/31/24,0.1138,0.1138,,NA,NA,NA,NA,NA,NA,,,,NA,10,,,
274,id608,4,50,0,4,HM001,6,+,G,G+,id:608,,89,Top,5,LEFT,MB,3,16-Apr,ADBM,5/29/24,0.0612,0.0612,,NA,NA,NA,NA,NA,NA,,,,NA,14,,,
610,id609,0,14,0,0,HM001,1,-,USDA1021,A-,id:609,,499,Mid,3,RIGHT,MB,5,17-Apr,ADBM,6/21/24,0.1352,0.1352,,NA,NA,NA,NA,NA,NA,,,,NA,31,,,
397,id612,0,6,0,0,HM001,4,-,USDA1021,A-,id:612,,526,Mid,7,RIGHT,MB,10,17-Apr,ADBM,6/21/24,0.1599,0.1599,,NA,NA,NA,NA,NA,NA,,,,NA,24,,,
388,id613,0,10,0,0,HM001,5,-,USDA1021,A-,id:613,,509,Mid,4,RIGHT,MB,12,17-Apr,ADBM,6/21/24,0.2579,0.2579,,NA,NA,NA,NA,NA,NA,,,,NA,21,,,
377,id614,0,18,0,0,HM001,6,-,USDA1021,A-,id:614,,510,Mid,5,RIGHT,MB,3,17-Apr,ADBM,6/21/24,0.1136,0.1136,,NA,NA,NA,NA,NA,NA,,,,NA,17,,,
359,id615,0,14,0,0,HM001,1,-,G,G-,id:615,,536,Mid,3,RIGHT,FD,5,18-Apr,ADBM,6/12/24,0.1961,0.1961 / 0.0802/ 0.1162,,NA,NA,NA,NA,NA,NA,,,,NA,NA, pod - order: total/ leaf/ pod,,
340,id616,0,21,0,0,HM001,2,-,G,G-,id:616,,551,Mid,6,RIGHT,FD,6,18-Apr,ADBM,6/12/24,0.0546,0.0546,,NA,NA,NA,NA,NA,NA,,,,NA,19,,,
357,id617,0,8,0,0,HM001,3,-,G,G-,id:617,,533,Mid,2,RIGHT,FD,9,18-Apr,CYC,6/12/24,0.173,0.173,,NA,NA,NA,NA,NA,NA,,,,NA,27,,,
632,id618,0,35,0,0,HM001,4,-,G,G-,id:618,,559,Mid,7,RIGHT,FD,10,18-Apr,CYC,6/12/24,0.1687,0.1687,,NA,NA,NA,NA,NA,NA,,,,NA,19,,,
614,id619,0,42,0,0,HM001,5,-,G,G-,id:619,,544,Mid,4,RIGHT,FD,12,18-Apr,CYC,6/12/24,0.1255,0.1255,,NA,NA,NA,NA,NA,NA,,,,NA,24,,,
591,id620,0,25,0,0,HM001,6,-,G,G-,id:620,,545,Mid,5,RIGHT,FD,3,18-Apr,ADBM,6/12/24,0.0859,0.0859,,NA,NA,NA,NA,NA,NA,,,,NA,29,,,
296,id621,5,8,8,13,HM001,1,+,D,D+,id:621,,569,Bot,3,RIGHT,FB,5,18-Apr,ADBM,5/31/24,0.19,.1900/ 0.0749/ 0.1151,,NA,NA,NA,NA,NA,NA,,,,NA,25,has seed pods,,
272,id622,33,12,16,49,HM001,2,+,D,D+,id:622,,586,Bot,6,RIGHT,FB,6,18-Apr,ADBM,5/31/24,0.1994,0.1994,,NA,NA,NA,NA,NA,NA,,,,NA,17,,,
251,id623,0,2,1,1,HM001,3,+,D,D+,id:623,,566,Bot,2,RIGHT,FB,9,18-Apr,ADBM,5/31/24,0.1376,.1376/0.0560/ .0816,,NA,NA,NA,NA,NA,NA,,,,NA,26,has seed pods,,
315,id624,7,10,2,9,HM001,4,+,D,D+,id:624,,594,Bot,7,RIGHT,FB,10,18-Apr,ADBM,5/31/24,0.189,0.189,,NA,NA,NA,NA,NA,NA,,,,NA,23,,,
297,id625,4,9,3,7,HM001,5,+,D,D+,id:625,,578,Bot,4,RIGHT,FB,12,18-Apr,ADBM,5/31/24,0.1346,0.1346,,NA,NA,NA,NA,NA,NA,,,,NA,27,,,
316,id626,9,4,1,10,HM001,6,+,D,D+,id:626,,579,Bot,5,RIGHT,FB,3,18-Apr,ADBM,5/31/24,0.1898,0.1898,,NA,NA,NA,NA,NA,NA,,,,NA,37,,,
336,id627,11,22,1,12,HM001,7,+,D,D+,id:627,,573,Bot,4,RIGHT,FB,2,18-Apr,ADBM,5/31/24,0.2086,0.2086,,NA,NA,NA,NA,NA,NA,,,,NA,24,,,
24,id628,8,13,3,11,HM001,8,+,D,D+,id:628,,584,Bot,5,RIGHT,FB,13,18-Apr,ADBM,5/31/24,0.1021,0.1021,,NA,NA,NA,NA,NA,NA,,,,NA,26,,,
358,id629,0,20,0,0,HM065,1,-,I,I-,id:629,,114,Top,3,LEFT,FB,5,16-Apr,ADBM,5/29/24,0.0094,0.0094,,NA,NA,NA,NA,NA,NA,,,,NA,4,,,
635,id630,0,76,0,0,HM065,2,-,I,I-,id:630,,130,Top,6,LEFT,FB,6,16-Apr,ADBM,5/29/24,0.0367,0.0367,,NA,NA,NA,NA,NA,NA,,,,NA,17,,,
612,id631,0,78,0,0,HM065,3,-,I,I-,id:631,,110,Top,2,LEFT,FB,9,16-Apr,ADBM,5/29/24,0.0606,0.0606,,NA,NA,NA,NA,NA,NA,,,,NA,14,,,
637,id632,0,48,0,0,HM065,4,-,I,I-,id:632,,138,Top,7,LEFT,FB,10,16-Apr,ADBM,5/31/24,0.0776,0.0776,,NA,NA,NA,NA,NA,NA,,,,NA,19,,,
655,id633,0,32,0,0,HM065,5,-,I,I-,id:633,,123,Top,4,LEFT,FB,12,16-Apr,ADBM,5/29/24,0.055,0.055,,NA,NA,NA,NA,NA,NA,,,,NA,15,,,
608,id635,0,112,0,0,HM065,7,-,I,I-,id:635,,118,Top,4,LEFT,FB,2,16-Apr,ADBM,5/29/24,0.0435,0.0435,,NA,NA,NA,NA,NA,NA,,,,NA,13,,,
271,id636,37,36,13,50,HM065,1,+,WSM1022,B+,id:636,,146,Mid,3,LEFT,FD,5,16-Apr,ADBM,5/29/24,0.0815,0.0815,,NA,NA,NA,NA,NA,NA,,,,NA,20,,,
254,id637,23,6,3,26,HM065,2,+,WSM1022,B+,id:637,,162,Mid,6,LEFT,FD,6,16-Apr,ADBM,5/29/24,0.0206,0.0206,,NA,NA,NA,NA,NA,NA,,,,NA,11,,,
28,id638,73,64,11,84,HM065,3,+,WSM1022,B+,id:638,,144,Mid,2,LEFT,FD,9,16-Apr,ADBM,5/29/24,0.0536,0.0536,,NA,NA,NA,NA,NA,NA,,,,NA,22,,,
43,id639,23,54,5,28,HM065,4,+,WSM1022,B+,id:639,,169,Mid,7,LEFT,FD,10,16-Apr,ADBM,5/29/24,0.1275,0.1275,,NA,NA,NA,NA,NA,NA,,,,NA,16,,,
167,id641,33,42,11,44,HM065,6,+,WSM1022,B+,id:641,,156,Mid,5,LEFT,FD,3,16-Apr,ADBM,5/29/24,0.1104,0.1104,,NA,NA,NA,NA,NA,NA,,,,NA,16,,,
194,id642,7,45,1,8,HM065,7,+,WSM1022,B+,id:642,,150,Mid,4,LEFT,FD,2,16-Apr,ADBM,5/29/24,0.0401,0.0401,,NA,NA,NA,NA,NA,NA,,,,NA,15,,,
503,id643,0,46,0,0,HM065,1,-,F,F-,id:643,,346,Bot,7,LEFT,MD,5,17-Apr,ADBM,6/7/24,0.0479,0.0479,,NA,NA,NA,NA,NA,NA,,,,NA,18,,,
570,id644,0,26,0,0,HM065,2,-,F,F-,id:644,,316,Bot,2,LEFT,MD,6,17-Apr,ADBM,6/10/24,0.0239,0.0239,,NA,NA,NA,NA,NA,NA,,,,NA,18,,,
546,id645,0,73,0,0,HM065,3,-,F,F-,id:645,,334,Bot,5,LEFT,MD,9,17-Apr,ADBM,6/7/24,0.0572,0.0572,,NA,NA,NA,NA,NA,NA,,,,NA,23,,,
526,id646,0,36,0,0,HM065,4,-,F,F-,id:646,,329,Bot,4,LEFT,MD,10,17-Apr,EY,6/10/24,0.0443,0.0443,,NA,NA,NA,NA,NA,NA,,,,NA,22,,,
420,id648,0,87,0,0,HM065,6,-,F,F-,id:648,,320,Bot,3,LEFT,MD,3,17-Apr,ADBM,6/10/24,0.0447,0.0447,,NA,NA,NA,NA,NA,NA,,,,NA,16,,,
398,id649,0,65,0,0,HM065,7,-,F,F-,id:649,,337,Bot,6,LEFT,MD,2,17-Apr,EY,6/7/24,0.0376,0.0376,,NA,NA,NA,NA,NA,NA,,,,NA,22,,,
248,id650,38,6,4,42,HM065,1,+,F,F+,id:650,,486,Mid,7,RIGHT,FB,5,19-Apr,ADBM,5/31/24,0.108,0.108,,NA,NA,NA,NA,NA,NA,,,,NA,15,,,
227,id651,17,3,2,19,HM065,2,+,F,F+,id:651,,459,Mid,2,RIGHT,FB,6,19-Apr,EY,5/31/24,0.0079,0.0079,,NA,NA,NA,NA,NA,NA,,,,NA,5,very small,,
197,id652,57,29,3,60,HM065,3,+,F,F+,id:652,,476,Mid,5,RIGHT,FB,9,19-Apr,ADBM,5/31/24,0.0339,0.0339,,NA,NA,NA,NA,NA,NA,,,,NA,40,,,
223,id653,3,15,6,9,HM065,4,+,F,F+,id:653,,471,Mid,4,RIGHT,FB,10,19-Apr,CYC,5/31/24,0.0233,0.0233,,NA,NA,NA,NA,NA,NA,,,,NA,20,,,
140,id654,56,11,6,62,HM065,5,+,F,F+,id:654,,482,Mid,6,RIGHT,FB,12,19-Apr,MC,5/31/24,0.0244,0.0244,,NA,NA,NA,NA,NA,NA,,,,NA,22,,,
164,id655,43,37,4,47,HM065,6,+,F,F+,id:655,,463,Mid,3,RIGHT,FB,3,19-Apr,EY,5/31/24,0.022,0.022,,NA,NA,NA,NA,NA,NA,,,,NA,10,,,
523,id656,0,81,0,0,HM065,1,-,WSM1022,B-,id:656,,604,Bot,3,RIGHT,MB,5,18-Apr,ADBM,6/21/24,0.0603,0.0603,,NA,NA,NA,NA,NA,NA,,,,NA,91,,,
466,id658,0,49,0,0,HM065,3,-,WSM1022,B-,id:658,,601,Bot,2,RIGHT,MB,9,18-Apr,ADBM,6/21/24,0.0442,0.0442,,NA,NA,NA,NA,NA,NA,,,,NA,46,,,
482,id659,0,85,0,0,HM065,4,-,WSM1022,B-,id:659,,628,Bot,7,RIGHT,MB,10,18-Apr,ADBM,6/21/24,0.0528,0.0528,,NA,NA,NA,NA,NA,NA,,,,NA,34,,,
419,id660,0,47,0,0,HM065,5,-,WSM1022,B-,id:660,,613,Bot,4,RIGHT,MB,12,18-Apr,ADBM,6/21/24,0.0388,0.0388,,NA,NA,NA,NA,NA,NA,,,,NA,32,,,
399,id661,0,46,0,0,HM065,6,-,WSM1022,B-,id:661,,614,Bot,5,RIGHT,MB,3,18-Apr,ADBM,6/21/24,0.0368,0.0368,,NA,NA,NA,NA,NA,NA,,,,NA,36,,,
422,id662,0,18,0,0,HM065,7,-,WSM1022,B-,id:662,,608,Bot,4,RIGHT,MB,2,18-Apr,ADBM,6/21/24,0.0279,0.0279,,NA,NA,NA,NA,NA,NA,,,,NA,42,,,
100,id663,7,7,0,7,HM084,1,+,USDA1021,A+,id:663,,28,Top,6,LEFT,FD,5,15-Apr,ADBM,7/2/24,0.157,0.157,0.1544,NA,NA,NA,NA,NA,NA,,,,NA,14,,,
120,id664,6,8,2,8,HM084,2,+,USDA1021,A+,id:664,,11,Top,3,LEFT,FD,6,15-Apr,ADBM,7/2/24,0.0684,0.0684,0.0688,NA,NA,NA,NA,NA,NA,,,,NA,16,,,Entered by Addison -- needs checking by Coumba -- unsure about 4 and 9 handwriting
136,id665,9,30,2,11,HM084,3,+,USDA1021,A+,id:665,,36,Top,7,LEFT,FD,9,15-Apr,ADBM,7/2/24,0.3032,0.3032,0.2883,NA,NA,NA,NA,NA,NA,,,,NA,19,,,
118,id666,10,21,1,11,HM084,4,+,USDA1021,A+,id:666,,6,Top,2,LEFT,FD,10,15-Apr,ADBM,7/2/24,0.0411,0.0411,0.04,NA,NA,NA,NA,NA,NA,,,,NA,14,,6/10/24,gls
103,id667,6,6,9,15,HM084,5,+,USDA1021,A+,id:667,,15,Top,4,LEFT,FD,3,15-Apr,ADBM,7/2/24,0.1655,0.1655,0.1577,NA,NA,NA,NA,NA,NA,,,,NA,13,,,
138,id668,9,41,5,14,HM084,6,+,USDA1021,A+,id:668,,26,Top,5,LEFT,FD,12,15-Apr,ADBM,7/2/24,0.1207,0.1207,0.1196,NA,NA,NA,NA,NA,NA,,,,NA,19,,,
501,id669,0,13,0,0,HM084,1,-,E,E-,id:669,,180,Mid,3,LEFT,MD,5,16-Apr,ADBM,5/30/24,0.1666,0.1666,,NA,NA,NA,NA,NA,NA,,,,NA,25,,,
465,id670,0,16,0,0,HM084,2,-,E,E-,id:670,,195,Mid,6,LEFT,MD,6,16-Apr,EY,5/30/24,0.1734,0.1734,,NA,NA,NA,NA,NA,NA,,,,NA,17,,,
484,id671,0,9,0,0,HM084,3,-,E,E-,id:671,,175,Mid,2,LEFT,MD,9,16-Apr,EY,5/30/24,0.1128,0.1128,,NA,NA,NA,NA,NA,NA,,,,NA,27,,,
462,id672,0,20,0,0,HM084,4,-,E,E-,id:672,,203,Mid,7,LEFT,MD,10,16-Apr,EY,5/30/24,0.2716,0.2716,,NA,NA,NA,NA,NA,NA,,,,NA,20,,,
442,id673,0,40,0,0,HM084,5,-,E,E-,id:673,,188,Mid,4,LEFT,MD,12,16-Apr,ADBM,5/30/24,0.0785,0.0785,,NA,NA,NA,NA,NA,NA,,,,NA,17,,,
418,id674,0,7,0,0,HM084,6,-,E,E-,id:674,,189,Mid,5,LEFT,MD,3,16-Apr,EY,5/30/24,0.2589,0.2589,,NA,NA,NA,NA,NA,NA,,,,NA,21,,,
400,id675,0,27,0,0,HM084,1,-,J,J-,id:675,,274,Mid,7,LEFT,FB,5,17-Apr,ADBM,6/7/24,0.1849,0.1849,,NA,NA,NA,NA,NA,NA,,,,NA,25,,,
421,id676,0,23,0,0,HM084,2,-,J,J-,id:676,,243,Mid,2,LEFT,FB,6,17-Apr,ADBM,6/7/24,0.232,0.232,,NA,NA,NA,NA,NA,NA,,,,NA,14,,,
440,id677,0,13,0,0,HM084,3,-,J,J-,id:677,,264,Mid,5,LEFT,FB,9,17-Apr,ADBM,6/7/24,0.269,0.269,,NA,NA,NA,NA,NA,NA,,,,NA,27,,,
569,id678,0,1,0,0,HM084,4,-,J,J-,id:678,,258,Mid,4,LEFT,FB,10,17-Apr,ADBM,6/7/24,0.1977,0.1977,,NA,NA,NA,NA,NA,NA,,,,NA,29,,,
547,id679,0,7,0,0,HM084,5,-,J,J-,id:679,,271,Mid,6,LEFT,FB,12,17-Apr,ADBM,6/7/24,0.19,0.19,,NA,NA,NA,NA,NA,NA,,,,NA,19,,,
505,id680,0,15,0,0,HM084,6,-,J,J-,id:680,,248,Mid,3,LEFT,FB,3,17-Apr,ADBM,6/7/24,0.1197,0.1197,,NA,NA,NA,NA,NA,NA,,,,NA,16,,,
193,id681,17,7,3,20,HM084,1,+,E,E+,id:681,,358,Top,3,RIGHT,FB,5,17-Apr,EY,6/10/24,0.1078,0.1078,,NA,NA,NA,NA,NA,NA,,,,NA,19,,,
163,id682,12,17,8,20,HM084,2,+,E,E+,id:682,,375,Top,6,RIGHT,FB,6,17-Apr,CYC,6/10/24,0.1548,0.1548,,NA,NA,NA,NA,NA,NA,,,,NA,21,,,
142,id683,32,20,6,38,HM084,3,+,E,E+,id:683,,353,Top,2,RIGHT,FB,9,17-Apr,ADBM,6/10/24,0.0516,0.0516,,NA,NA,NA,NA,NA,NA,,,,NA,22,,,
219,id684,15,8,4,19,HM084,4,+,E,E+,id:684,,383,Top,7,RIGHT,FB,10,17-Apr,ADBM,6/10/24,0.126,0.126,,NA,NA,NA,NA,NA,NA,,,,NA,14,,,
201,id685,24,47,0,24,HM084,5,+,E,E+,id:685,,367,Top,4,RIGHT,FB,12,17-Apr,ADBM,6/10/24,0.0624,0.0624,,NA,NA,NA,NA,NA,NA,,,,NA,24,,,
228,id686,9,4,2,11,HM084,6,+,E,E+,id:686,,368,Top,5,RIGHT,FB,3,17-Apr,EY,6/10/24,0.1264,0.1264,,NA,NA,NA,NA,NA,NA,,,,NA,15,,,
246,id687,6,1,1,7,HM084,1,+,J,J+,id:687,,452,Top,7,RIGHT,MD,5,19-Apr,AC,5/31/24,0.0505,0.0505,,NA,NA,NA,NA,NA,NA,,,,NA,8,,,
99,id688,18,20,1,19,HM084,2,+,J,J+,id:688,,421,Top,2,RIGHT,MD,6,19-Apr,ADBM,5/31/24,0.067,0.067,,NA,NA,NA,NA,NA,NA,,,,NA,28,,,
85,id689,6,11,5,11,HM084,3,+,J,J+,id:689,,442,Top,5,RIGHT,MD,9,19-Apr,AC,5/31/24,0.2551,0.2551,,NA,NA,NA,NA,NA,NA,,,,NA,22,,,
220,id690,11,0,4,15,HM084,4,+,J,J+,id:690,,436,Top,4,RIGHT,MD,10,19-Apr,AC,5/31/24,0.1244,0.1244,,NA,NA,NA,NA,NA,NA,,,,NA,17,,,
200,id691,12,13,2,14,HM084,5,+,J,J+,id:691,,449,Top,6,RIGHT,MD,12,19-Apr,ADBM,5/31/24,0.1372,0.1372,,NA,NA,NA,NA,NA,NA,,,,NA,10,,,
229,id692,18,5,2,20,HM084,6,+,J,J+,id:692,,426,Top,3,RIGHT,MD,3,19-Apr,ADBM,5/31/24,0.1139,0.1139,,NA,NA,NA,NA,NA,NA,,,,NA,20,,,
504,id694,0,11,0,0,HM084,2,-,USDA1021,A-,id:694,,500,Mid,3,RIGHT,MB,6,17-Apr,ADBM,6/21/24,0.0927,0.0927,,NA,NA,NA,NA,NA,NA,,,,NA,13,,,
521,id695,0,14,0,0,HM084,3,-,USDA1021,A-,id:695,,525,Mid,7,RIGHT,MB,9,17-Apr,ADBM,6/21/24,0.3268,0.3268,,NA,NA,NA,NA,NA,NA,,,,NA,27,,,
499,id696,0,16,0,0,HM084,4,-,USDA1021,A-,id:696,,495,Mid,2,RIGHT,MB,10,17-Apr,ADBM,6/21/24,0.2262,0.2262,,NA,NA,NA,NA,NA,NA,,,,NA,37,,,
446,id698,0,10,0,0,HM084,6,-,USDA1021,A-,id:698,,515,Mid,5,RIGHT,MB,12,17-Apr,ADBM,6/21/24,0.147,0.147,,NA,NA,NA,NA,NA,NA,,,,NA,24,,,
460,id699,0,25,0,0,HM086,1,-,J,J-,id:699,,249,Mid,3,LEFT,FB,5,17-Apr,ADBM,6/7/24,0.0559,0.0559,,NA,NA,NA,NA,NA,NA,,,,NA,18,,,
411,id700,0,2,0,0,HM086,2,-,J,J-,id:700,,268,Mid,6,LEFT,FB,6,17-Apr,ADBM,6/7/24,0.0959,0.0959,,NA,NA,NA,NA,NA,NA,,,,NA,23,,,
430,id702,0,29,0,0,HM086,4,-,J,J-,id:702,,276,Mid,7,LEFT,FB,10,17-Apr,ADBM,6/7/24,0.1073,0.1073,,NA,NA,NA,NA,NA,NA,,,,NA,13,,,
434,id703,0,4,0,0,HM086,5,-,J,J-,id:703,,259,Mid,4,LEFT,FB,12,17-Apr,ADBM,6/7/24,0.0628,0.0628,,NA,NA,NA,NA,NA,NA,,,,NA,25,,,
474,id705,0,28,0,0,HM086,7,-,J,J-,id:705,,253,Mid,4,LEFT,FB,2,17-Apr,ADBM,6/7/24,0.0298,0.0298,,NA,NA,NA,NA,NA,NA,,,,NA,19,,,
452,id706,0,8,0,0,HM086,8,-,J,J-,id:706,,266,Mid,5,LEFT,FB,13,17-Apr,ADBM,6/7/24,0.01101,0.01101,,NA,NA,NA,NA,NA,NA,,,,NA,11,,,
111,id707,51,4,5,56,HM086,1,+,C,C+,id:707,,286,Bot,3,LEFT,FD,5,17-Apr,ADBM,6/7/24,0.0195,0.0195,,NA,NA,NA,NA,NA,NA,,,,NA,11,,,
155,id709,54,13,5,59,HM086,3,+,C,C+,id:709,,281,Bot,2,LEFT,FD,9,17-Apr,ADBM,6/7/24,0.0266,0.0266,,NA,NA,NA,NA,NA,NA,,,,NA,14,,,
126,id710,13,13,8,21,HM086,4,+,C,C+,id:710,,311,Bot,7,LEFT,FD,10,17-Apr,EY,6/7/24,0.1871,0.1871,,NA,NA,NA,NA,NA,NA,,,,NA,19,,,
113,id712,22,6,11,33,HM086,6,+,C,C+,id:712,,296,Bot,5,LEFT,FD,3,17-Apr,ADBM,6/7/24,0.1814,0.1814,,NA,NA,NA,NA,NA,NA,,,,NA,24,,,
112,id713,49,26,1,50,HM086,7,+,C,C+,id:713,,290,Bot,4,LEFT,FD,2,17-Apr,ADBM,6/7/24,0.0533,0.0533,,NA,NA,NA,NA,NA,NA,,,,NA,11,,,
73,id714,30,18,6,36,HM086,8,+,C,C+,id:714,,301,Bot,5,LEFT,FD,13,17-Apr,EY,6/7/24,0.0617,0.0617,,NA,NA,NA,NA,NA,NA,,,,NA,28,,,
408,id715,0,23,0,0,HM086,1,-,F,F-,id:715,,321,Bot,3,LEFT,MD,5,17-Apr,EY,6/10/24,0.0468,0.0468,,NA,NA,NA,NA,NA,NA,,,,NA,26,,,
431,id716,0,8,0,0,HM086,2,-,F,F-,id:716,,339,Bot,6,LEFT,MD,6,17-Apr,EY,6/7/24,0.1156,0.1156,,NA,NA,NA,NA,NA,NA,,,,NA,20,,,
432,id717,0,11,0,0,HM086,3,-,F,F-,id:717,,317,Bot,2,LEFT,MD,9,17-Apr,EY,6/10/24,0.1229,0.1229,,NA,NA,NA,NA,NA,NA,,,,NA,22,,,
559,id718,0,13,0,0,HM086,4,-,F,F-,id:718,,348,Bot,7,LEFT,MD,10,17-Apr,ADBM,6/7/24,0.2008,0.2008,,NA,NA,NA,NA,NA,NA,,,,NA,17,,,
557,id719,0,8,0,0,HM086,5,-,F,F-,id:719,,330,Bot,4,LEFT,MD,12,17-Apr,ADBM,6/7/24,0.0194,0.0194,,NA,NA,NA,NA,NA,NA,,,,NA,8,,,
514,id722,0,6,0,0,HM086,8,-,F,F-,id:722,,336,Bot,5,LEFT,MD,13,17-Apr,ADBM,6/7/24,0.1106,0.1106,,NA,NA,NA,NA,NA,NA,,,,NA,25,,,
556,id725,0,10,0,0,HM086,3,-,C,C-,id:725,,388,Top,2,RIGHT,MB,9,17-Apr,CYC,6/10/24,0.03,0.03,,NA,NA,NA,NA,NA,NA,,,,NA,6,,,
534,id726,0,1,0,0,HM086,4,-,C,C-,id:726,,416,Top,7,RIGHT,MB,10,17-Apr,ADBM,6/10/24,0.0655,0.0655,,NA,NA,NA,NA,NA,NA,,,,NA,22,,,
538,id727,0,4,0,0,HM086,5,-,C,C-,id:727,,400,Top,4,RIGHT,MB,12,17-Apr,ADBM,6/10/24,0.0455,0.0455,,NA,NA,NA,NA,NA,NA,,,,NA,15,,,
412,id728,0,1,0,0,HM086,6,-,C,C-,id:728,,401,Top,5,RIGHT,MB,3,17-Apr,CYC,6/10/24,0.1032,0.1032,,NA,NA,NA,NA,NA,NA,,,,NA,20,,,
407,id729,0,10,0,0,HM086,7,-,C,C-,id:729,,395,Top,4,RIGHT,MB,2,17-Apr,ADBM,6/10/24,0.0474,0.0474,,NA,NA,NA,NA,NA,NA,,,,NA,17,,,
561,id730,0,5,0,0,HM086,8,-,C,C-,id:730,,406,Top,5,RIGHT,MB,13,17-Apr,MC,6/10/24,0.0926,0.0926,,NA,NA,NA,NA,NA,NA,,,,NA,14,,,
209,id732,11,3,3,14,HM086,2,+,J,J+,id:732,,446,Top,6,RIGHT,MD,6,19-Apr,ADBM,5/31/24,0.0129,0.0129,,NA,NA,NA,NA,NA,NA,,,,NA,1,,,
154,id735,32,3,5,37,HM086,5,+,J,J+,id:735,,437,Top,4,RIGHT,MD,12,19-Apr,ADBM,5/31/24,0.1135,0.1135,,NA,NA,NA,NA,NA,NA,,,,NA,17,,,
183,id736,19,4,11,30,HM086,6,+,J,J+,id:736,,438,Top,5,RIGHT,MD,3,19-Apr,ADBM,5/31/24,0.1563,0.1563,,NA,NA,NA,NA,NA,NA,,,,NA,23,,,
178,id737,14,13,4,18,HM086,7,+,J,J+,id:737,,431,Top,4,RIGHT,MD,2,19-Apr,ADBM,5/31/24,0.3632,0.3632,,NA,NA,NA,NA,NA,NA,,,,NA,28,,,
127,id738,39,8,1,40,HM086,8,+,J,J+,id:738,,444,Top,5,RIGHT,MD,13,19-Apr,ADBM,5/31/24,0.0411,0.0411,,NA,NA,NA,NA,NA,NA,,,,NA,13,,,
130,id739,39,6,11,50,HM086,1,+,F,F+,id:739,,464,Mid,3,RIGHT,FB,5,19-Apr,CYC,5/31/24,0.1365,0.1365,,NA,NA,NA,NA,NA,NA,,,,NA,29,,,
283,id740,35,1,0,35,HM086,2,+,F,F+,id:740,,479,Mid,6,RIGHT,FB,6,19-Apr,EY,5/31/24,0.0538,0.0538,,NA,NA,NA,NA,NA,NA,,,,NA,10,,,
285,id741,24,5,3,27,HM086,3,+,F,F+,id:741,,460,Mid,2,RIGHT,FB,9,19-Apr,CYC,5/31/24,0.0304,0.0304,,NA,NA,NA,NA,NA,NA,,,,NA,14,,,
264,id742,46,4,2,48,HM086,4,+,F,F+,id:742,,488,Mid,7,RIGHT,FB,10,19-Apr,EY,5/31/24,0.0269,0.0269,,NA,NA,NA,NA,NA,NA,,,,NA,9,,,
262,id743,19,12,4,23,HM086,5,+,F,F+,id:743,,472,Mid,4,RIGHT,FB,12,19-Apr,ADBM,5/31/24,0.1827,0.1827,,NA,NA,NA,NA,NA,NA,,,,NA,21,,,
307,id744,15,19,15,30,HM086,6,+,F,F+,id:744,,473,Mid,5,RIGHT,FB,3,19-Apr,EY,5/31/24,0.2579,0.2579,,NA,NA,NA,NA,NA,NA,,,,NA,24,,,
,id009,NA,NA,NA,NA,HM145,9,+,USDA1021,Ex. 21 +,id:9,,#N/A,Mid,NA,RIGHT,MD,NA,11-Apr,ADBM,6/12/24,0.0076,0.0076,,1,1,3,6,2,NA,ADBM,ADBM,6/28/24,NA,0,very small ,,
,id010,NA,NA,NA,NA,HM145,10,+,USDA1021,Ex. 21 +,id:10,,#N/A,Mid,NA,RIGHT,MD,NA,11-Apr,MC,6/12/24,0.3427,0.3427,,6,41,42,8,4,NA,ADBM,ADBM,6/28/24,NA,0,,,
,id011,NA,NA,NA,NA,HM145,11,+,USDA1021,Ex. 21 +,id:11,,#N/A,Mid,NA,RIGHT,MD,NA,11-Apr,ADBM,6/12/24,0.2234,0.2234,,8,42,42,9,9,NA,ADBM,ADBM,6/28/24,NA,0,,,
,id012,NA,NA,NA,NA,HM145,12,+,USDA1021,Ex. 21 +,id:12,,#N/A,Mid,NA,RIGHT,MD,NA,11-Apr,MC,6/12/24,0.0324,0.0324,,7,14,14,6,5,NA,ADBM,ADBM,6/28/24,NA,0,,,
,id013,NA,NA,NA,NA,HM145,13,+,USDA1021,Ex. 21 +,id:13,,#N/A,Mid,NA,RIGHT,MD,NA,11-Apr,ADBM,6/12/24,0.2413,0.2413,,10,35,42,11,8,NA,ADBM,ADBM,6/28/24,NA,0,,,
,id014,NA,NA,NA,NA,HM145,14,+,USDA1021,Ex. 21 +,id:14,,#N/A,Mid,NA,RIGHT,MD,NA,11-Apr,MC,6/12/24,0.0609,0.0609,,10,41,53,9,7,NA,ADBM,ADBM,6/28/24,NA,0,,,
,id015,NA,NA,NA,NA,HM145,15,+,USDA1021,Ex. 21 +,id:15,,#N/A,Mid,NA,RIGHT,MD,NA,11-Apr,ADBM,6/12/24,0.0578,0.0578,,3,47,66,7,2,NA,ADBM,ADBM,6/28/24,NA,0,,,
,id016,NA,NA,NA,NA,HM145,16,+,USDA1021,Ex. 21 +,id:16,,#N/A,Mid,NA,RIGHT,MD,NA,11-Apr,MC,6/12/24,0.2142,0.2142,,11,38,54,8,6,NA,ADBM,ADBM,6/28/24,NA,0,,,
,id017,NA,NA,NA,NA,HM145,17,+,USDA1021,Ex. 21 +,id:17,,#N/A,Mid,NA,RIGHT,MD,NA,11-Apr,ADBM,6/12/24,0.1041,0.1041,,7,22,27,9,7,NA,ADBM,ADBM,6/28/24,NA,0,,,
,id018,NA,NA,NA,NA,HM145,18,+,USDA1021,Ex. 21 +,id:18,,#N/A,Mid,NA,RIGHT,MD,NA,11-Apr,MC,6/12/24,0.2294,0.2294,,7,22,52,4,6,NA,ADBM,ADBM,6/28/24,NA,0,,,
,id019,NA,NA,NA,NA,HM145,19,+,USDA1021,Ex. 21 +,id:19,,#N/A,Mid,NA,RIGHT,MD,NA,11-Apr,ADBM,6/12/24,,,,NA,NA,NA,NA,NA,NA,,,,NA,0,dead,,
,id028,NA,NA,NA,NA,HM145,9,+,WSM1022,Ex. 22 +,id:28,,#N/A,Bot,NA,LEFT,MD,NA,11-Apr,MC,6/12/24,0.1735,0.1735,,12,44,46,6,12,NA,ADBM,ADBM,6/28/24,NA,0,,,
,id029,NA,NA,NA,NA,HM145,10,+,WSM1022,Ex. 22 +,id:29,,#N/A,Bot,NA,LEFT,MD,NA,11-Apr,ADBM,6/12/24,0.0364,0.0364,,0,6,11,1,0,NA,ADBM,ADBM,6/28/24,NA,0,,,
,id030,NA,NA,NA,NA,HM145,11,+,WSM1022,Ex. 22 +,id:30,,#N/A,Bot,NA,LEFT,MD,NA,11-Apr,MC,6/12/24,0.1057,0.1057,,6,35,39,2,6,NA,ADBM,ADBM,6/28/24,NA,0,,,
,id031,NA,NA,NA,NA,HM145,12,+,WSM1022,Ex. 22 +,id:31,,#N/A,Bot,NA,LEFT,MD,NA,11-Apr,ADBM,6/12/24,0.2188,0.2188,,4,33,35,6,4,NA,ADBM,ADBM,6/28/24,NA,0,,,
,id032,NA,NA,NA,NA,HM145,13,+,WSM1022,Ex. 22 +,id:32,,#N/A,Bot,NA,LEFT,MD,NA,11-Apr,MC,6/12/24,0.3275,0.3275,,4,44,52,2,3,NA,ADBM,ADBM,6/28/24,NA,0,,,
,id033,NA,NA,NA,NA,HM145,14,+,WSM1022,Ex. 22 +,id:33,,#N/A,Bot,NA,LEFT,MD,NA,11-Apr,ADBM,6/12/24,0.0485,0.0485,,1,23,22,5,1,NA,ADBM,ADBM,6/28/24,NA,0,,,
,id034,NA,NA,NA,NA,HM145,15,+,WSM1022,Ex. 22 +,id:34,,#N/A,Bot,NA,LEFT,MD,NA,11-Apr,MC,6/12/24,0.179,0.179,,9,39,43,13,6,NA,ADBM,ADBM,6/28/24,NA,0,,,
,id035,NA,NA,NA,NA,HM145,16,+,WSM1022,Ex. 22 +,id:35,,#N/A,Bot,NA,LEFT,MD,NA,11-Apr,ADBM,6/12/24,0.218,0.218,,0,34,43,0,0,NA,ADBM,ADBM,6/28/24,NA,0,,,
,id036,NA,NA,NA,NA,HM145,17,+,WSM1022,Ex. 22 +,id:36,,#N/A,Bot,NA,LEFT,MD,NA,11-Apr,MC,6/12/24,0.2429,0.2429,,7,72,85,6,7,NA,ADBM,ADBM,6/28/24,NA,0,,,
,id037,NA,NA,NA,NA,HM145,18,+,WSM1022,Ex. 22 +,id:37,,#N/A,Bot,NA,LEFT,MD,NA,11-Apr,ADBM,6/12/24,0.2042,0.2042,,7,53,54,5,7,NA,ADBM,ADBM,6/28/24,NA,0,,,
,id038,NA,NA,NA,NA,HM145,19,+,WSM1022,Ex. 22 +,id:38,,#N/A,Bot,NA,LEFT,MD,NA,11-Apr,MC,6/12/24,0.0452,0.0452,,3,22,25,2,3,NA,ADBM,ADBM,6/28/24,NA,0,,,
,id047,NA,NA,NA,NA,HM145,9,-,USDA1021,Ex. 21 -,id:47,,#N/A,Top,NA,RIGHT,FD,NA,11-Apr,ADBM,6/12/24,0.1399,0.1399,,NA,52,56,NA,NA,NA,ADBM,ADBM,26-Jun,NA,0,,,
,id048,NA,NA,NA,NA,HM145,10,-,USDA1021,Ex. 21 -,id:48,,#N/A,Top,NA,RIGHT,FD,NA,11-Apr,ADBM,6/12/24,0.2009,0.2009,,NA,36,38,NA,NA,NA,ADBM,CZ,,NA,0,,,
,id049,NA,NA,NA,NA,HM145,11,-,USDA1021,Ex. 21 -,id:49,,#N/A,Top,NA,RIGHT,FD,NA,11-Apr,ADBM,6/12/24,0.0567,0.0567,,NA,35,37,NA,NA,NA,ADBM,CZ,,NA,0,,,
,id050,NA,NA,NA,NA,HM145,12,-,USDA1021,Ex. 21 -,id:50,,#N/A,Top,NA,RIGHT,FD,NA,11-Apr,ADBM,6/12/24,0.2191,0.2191,,NA,45,45,NA,NA,NA,ADBM,ADBM,26-Jun,NA,0,,,
,id051,NA,NA,NA,NA,HM145,13,-,USDA1021,Ex. 21 -,id:51,,#N/A,Top,NA,RIGHT,FD,NA,11-Apr,ADBM,6/12/24,0.1937,0.1937,,NA,41,41,NA,NA,NA,ADBM,ADBM,26-Jun,NA,0,,,
,id052,NA,NA,NA,NA,HM145,14,-,USDA1021,Ex. 21 -,id:52,,#N/A,Top,NA,RIGHT,FD,NA,11-Apr,ADBM,6/12/24,0.1879,0.1879,,NA,26,31,NA,NA,NA,ADBM,ADBM,26-Jun,NA,0,,,
,id053,NA,NA,NA,NA,HM145,15,-,USDA1021,Ex. 21 -,id:53,,#N/A,Top,NA,RIGHT,FD,NA,11-Apr,ADBM,6/12/24,0.0936,0.0936,,NA,18,21,NA,NA,NA,ADBM,ADBM,26-Jun,NA,0,,,
,id054,NA,NA,NA,NA,HM145,16,-,USDA1021,Ex. 21 -,id:54,,#N/A,Top,NA,RIGHT,FD,NA,11-Apr,ADBM,6/12/24,0.2301,0.2301,,NA,57,56,NA,NA,NA,ADBM,ADBM,26-Jun,NA,0,,,
,id055,NA,NA,NA,NA,HM145,17,-,USDA1021,Ex. 21 -,id:55,,#N/A,Top,NA,RIGHT,FD,NA,11-Apr,ADBM,6/12/24,0.1187,0.1187,,NA,17,20,NA,NA,NA,ADBM,CZ,,NA,0,,,
,id056,NA,NA,NA,NA,HM145,18,-,USDA1021,Ex. 21 -,id:56,,#N/A,Top,NA,RIGHT,FD,NA,11-Apr,ADBM,6/12/24,,,,NA,NA,NA,NA,NA,NA,,,,NA,0,dead,,
,id057,NA,NA,NA,NA,HM145,19,-,USDA1021,Ex. 21 -,id:57,,#N/A,Top,NA,RIGHT,FD,NA,11-Apr,ADBM,6/12/24,0.0839,0.0839,,NA,17,17,NA,NA,NA,ADBM,ADBM,26-Jun,NA,0,,,
,id066,NA,NA,NA,NA,HM145,9,-,WSM1022,Ex. 22 -,id:66,,#N/A,Bot,NA,LEFT,FD,NA,11-Apr,ADBM,6/12/24,0.3127,0.3127,,NA,78,81,NA,NA,NA,ADBM,ADBM,26-Jun,NA,0,,,
,id067,NA,NA,NA,NA,HM145,10,-,WSM1022,Ex. 22 -,id:67,,#N/A,Bot,NA,LEFT,FD,NA,11-Apr,ADBM,6/12/24,0.3174,0.3174,,NA,49,59,NA,NA,NA,ADBM,ADBM,26-Jun,NA,0,,,
,id068,NA,NA,NA,NA,HM145,11,-,WSM1022,Ex. 22 -,id:68,,#N/A,Bot,NA,LEFT,FD,NA,11-Apr,ADBM,6/12/24,0.1219,0.1219,,NA,32,40,NA,NA,NA,ADBM,ADBM,26-Jun,NA,0,,,
,id069,NA,NA,NA,NA,HM145,12,-,WSM1022,Ex. 22 -,id:69,,#N/A,Bot,NA,LEFT,FD,NA,11-Apr,ADBM,6/12/24,0.0657,0.0657,,NA,90,92,NA,NA,NA,ADBM,ADBM,26-Jun,NA,0,,,
,id070,NA,NA,NA,NA,HM145,13,-,WSM1022,Ex. 22 -,id:70,,#N/A,Bot,NA,LEFT,FD,NA,11-Apr,MC,6/12/24,0.3007,0.3007,,NA,52,58,NA,NA,NA,ADBM,ADBM,26-Jun,NA,0,,,
,id071,NA,NA,NA,NA,HM145,14,-,WSM1022,Ex. 22 -,id:71,,#N/A,Bot,NA,LEFT,FD,NA,11-Apr,ADBM,6/12/24,,,,NA,NA,NA,NA,NA,NA,,,,NA,0,dead,,
,id072,NA,NA,NA,NA,HM145,15,-,WSM1022,Ex. 22 -,id:72,,#N/A,Bot,NA,LEFT,FD,NA,11-Apr,MC,6/12/24,0.1888,0.1888,,NA,54,53,NA,NA,NA,ADBM,ADBM,26-Jun,NA,0,,,
,id073,NA,NA,NA,NA,HM145,16,-,WSM1022,Ex. 22 -,id:73,,#N/A,Bot,NA,LEFT,FD,NA,11-Apr,ADBM,6/12/24,0.1577,0.1577,,NA,59,62,NA,NA,NA,ADBM,ADBM,26-Jun,NA,0,,,
,id074,NA,NA,NA,NA,HM145,17,-,WSM1022,Ex. 22 -,id:74,,#N/A,Bot,NA,LEFT,FD,NA,11-Apr,MC,6/12/24,0.1746,0.1746,,NA,55,71,NA,NA,NA,ADBM,ADBM,26-Jun,NA,0,,,
,id075,NA,NA,NA,NA,HM145,18,-,WSM1022,Ex. 22 -,id:75,,#N/A,Bot,NA,LEFT,FD,NA,11-Apr,ADBM,6/12/24,0.3164,0.3164,,NA,79,86,NA,NA,NA,ADBM,ADBM,26-Jun,NA,0,,,
,id076,NA,NA,NA,NA,HM145,19,-,WSM1022,Ex. 22 -,id:76,,#N/A,Bot,NA,LEFT,FD,NA,11-Apr,MC,6/12/24,0.2327,0.2327,,NA,68,69,NA,NA,NA,ADBM,CZ,,NA,0,,,