ids,EggSacs,Nodules,Galls_eggless,Galls,Genotype,Rep,Nema,Rhizo,Rack,id,Block.Shelf,Block.Row,Block.Side,Block.Position,Block.Col,Block.HDate,Block.NodPlucker,Biomass.Weighing.Date,Above.ground.biomass,Counter,Scanner,Scan.Date,Below.ground.biomass,Nods.Removed
id001,13,54,1,14,HM145,1,+,USDA1021,A+,id:1,Top,4,LEFT,FD,5,15-Apr,ADBM,7/2/24,0.0803,ADBM,ADBM,6/37/24,0.034,15
id002,13,15,1,14,HM145,2,+,USDA1021,A+,id:2,Top,5,LEFT,FD,6,15-Apr,ADBM,7/2/24,0.0975,ADBM,ADBM,6/37/24,0.0338,13
id003,11,28,3,14,HM145,3,+,USDA1021,A+,id:3,Top,3,LEFT,FD,9,15-Apr,ADBM,7/2/24,0.179,ADBM,ADBM,6/37/24,0.0541,18
id005,18,44,0,18,HM145,5,+,USDA1021,A+,id:5,Top,2,LEFT,FD,12,15-Apr,ADBM,7/2/24,0.2829,ADBM,ADBM,6/37/24,0.0576,14
id006,2,2,1,3,HM145,6,+,USDA1021,A+,id:6,Top,7,LEFT,FD,3,15-Apr,ADBM,7/2/24,0.0125,ADBM,ADBM,6/37/24,0.0023,3
id007,8,43,3,11,HM145,7,+,USDA1021,A+,id:7,Top,2,LEFT,FD,2,15-Apr,ADBM,7/2/24,0.1194,ADBM,ADBM,6/37/24,0.0508,22
id008,6,17,1,7,HM145,8,+,USDA1021,A+,id:8,Top,7,LEFT,FD,13,15-Apr,ADBM,7/2/24,0.285,ADBM,ADBM,6/37/24,0.0612,19
id020,6,26,3,9,HM145,1,+,WSM1022,B+,id:20,Mid,4,LEFT,FD,5,16-Apr,ADBM,5/29/24,0.1326,ADBM,ADBM,6/27/24,0.0416,30
id021,13,40,2,15,HM145,2,+,WSM1022,B+,id:21,Mid,5,LEFT,FD,6,16-Apr,ADBM,5/29/24,0.1274,ADBM,ADBM,6/27/24,0.0538,15
id023,2,3,0,2,HM145,4,+,WSM1022,B+,id:23,Mid,6,LEFT,FD,10,16-Apr,ADBM,5/29/24,0.0501,ADBM,ADBM,6/27/24,0.0126,15
id024,8,43,0,8,HM145,5,+,WSM1022,B+,id:24,Mid,2,LEFT,FD,12,16-Apr,ADBM,5/29/24,0.2018,ADBM,ADBM,6/28/24,0.0391,14
id025,11,40,0,11,HM145,6,+,WSM1022,B+,id:25,Mid,7,LEFT,FD,3,16-Apr,ADBM,5/29/24,0.281,ADBM,ADBM,6/28/24,0.0675,18
id026,3,19,1,4,HM145,7,+,WSM1022,B+,id:26,Mid,2,LEFT,FD,2,16-Apr,ADBM,5/29/24,0.2832,ADBM,ADBM,6/28/24,0.047,27
id027,10,16,7,17,HM145,8,+,WSM1022,B+,id:27,Mid,7,LEFT,FD,13,16-Apr,ADBM,5/29/24,0.1935,ADBM,ADBM,6/28/24,0.0443,24
id039,0,25,0,0,HM145,1,-,USDA1021,A-,id:39,Mid,4,RIGHT,MB,5,17-Apr,ADBM,6/21/24,0.3194,ADBM,ADBM,6/27/24,0.0724,32
id040,0,13,0,0,HM145,2,-,USDA1021,A-,id:40,Mid,5,RIGHT,MB,6,17-Apr,ADBM,6/21/24,0.0405,ADBM,CZ,6/27/24,0.0161,23
id041,0,15,0,0,HM145,3,-,USDA1021,A-,id:41,Mid,3,RIGHT,MB,9,17-Apr,ADBM,6/21/24,0.2151,ADBM,ADBM,6/27/24,0.072,34
id042,0,11,0,0,HM145,4,-,USDA1021,A-,id:42,Mid,6,RIGHT,MB,10,17-Apr,ADBM,6/21/24,0.2554,ADBM,CZ,6/27/24,0.057,36
id043,0,18,0,0,HM145,5,-,USDA1021,A-,id:43,Mid,2,RIGHT,MB,12,17-Apr,ADBM,6/21/24,0.0764,ADBM,ADBM,6/28/24,0.0264,15
id044,0,16,0,0,HM145,6,-,USDA1021,A-,id:44,Mid,7,RIGHT,MB,3,17-Apr,ADBM,6/21/24,0.0794,ADBM,CZ,6/27/24,0.0403,32
id045,0,14,0,0,HM145,7,-,USDA1021,A-,id:45,Mid,2,RIGHT,MB,2,17-Apr,ADBM,6/21/24,0.2665,ADBM,ADBM,6/27/24,0.0646,30
id046,0,25,0,0,HM145,8,-,USDA1021,A-,id:46,Mid,7,RIGHT,MB,13,17-Apr,ADBM,6/21/24,0.1627,ADBM,ADBM,6/27/24,0.0531,38
id058,0,20,0,0,HM145,1,-,WSM1022,B-,id:58,Bot,4,RIGHT,MB,5,18-Apr,ADBM,6/21/24,0.279,ADBM,CZ,,0.0812,26
id060,0,21,0,0,HM145,3,-,WSM1022,B-,id:60,Bot,3,RIGHT,MB,9,18-Apr,ADBM,6/21/24,0.2793,ADBM,CZ,,0.0965,36
id061,0,10,0,0,HM145,4,-,WSM1022,B-,id:61,Bot,6,RIGHT,MB,10,18-Apr,ADBM,6/21/24,0.0486,ADBM,CZ,,0.0323,31
id062,0,20,0,0,HM145,5,-,WSM1022,B-,id:62,Bot,2,RIGHT,MB,12,18-Apr,ADBM,6/21/24,0.0876,ADBM,CZ,,0.0699,43
id063,0,12,0,0,HM145,6,-,WSM1022,B-,id:63,Bot,7,RIGHT,MB,3,18-Apr,ADBM,6/21/24,0.15,ADBM,CZ,,0.0774,52
id064,0,31,0,0,HM145,7,-,WSM1022,B-,id:64,Bot,2,RIGHT,MB,2,18-Apr,ADBM,6/21/24,0.0542,ADBM,ADBM,6/27/24,0.0536,28
id065,0,15,0,0,HM145,8,-,WSM1022,B-,id:65,Bot,7,RIGHT,MB,13,18-Apr,ADBM,6/21/24,0.1924,ADBM,ADBM,6/27/24,0.0592,36
id077,0,14,0,0,HM049,1,-,D,D-,id:77,Top,4,LEFT,MD,5,15-Apr,ADBM,,0.0288,,,,0.0298,19
id078,0,30,0,0,HM049,2,-,D,D-,id:78,Top,5,LEFT,MD,6,15-Apr,ADBM,,0.0206,,,,0.0254,13
id079,0,34,0,0,HM049,3,-,D,D-,id:79,Top,3,LEFT,MD,9,15-Apr,ADBM,,0.0328,,,,0.0362,14
id081,0,55,0,0,HM049,5,-,D,D-,id:81,Top,2,LEFT,MD,12,15-Apr,ADBM,,0.1001,,,,0.0431,14
id082,0,29,0,0,HM049,6,-,D,D-,id:82,Top,7,LEFT,MD,3,15-Apr,ADBM,,0.1126,,,,0.0492,20
id083,47,33,8,55,HM049,1,+,D,D+,id:83,Bot,4,RIGHT,FB,5,18-Apr,ADBM,5/31/24,0.1763,,,,0.0668,31
id084,64,28,7,71,HM049,2,+,D,D+,id:84,Bot,5,RIGHT,FB,9,18-Apr,ADBM,5/31/24,0.0805,,,,0.071,33
id085,50,82,3,53,HM049,3,+,D,D+,id:85,Bot,3,RIGHT,FB,9,18-Apr,ADBM,5/31/24,0.133,,,,0.0738,26
id086,23,20,0,23,HM049,4,+,D,D+,id:86,Bot,6,RIGHT,FB,10,18-Apr,ADBM,5/31/24,0.1008,,,,0.06,34
id087,2,63,0,2,HM049,5,+,D,D+,id:87,Bot,2,RIGHT,FB,12,18-Apr,ADBM,5/31/24,0.0925,,,,0.0534,47
id088,13,29,6,19,HM049,6,+,D,D+,id:88,Bot,7,RIGHT,FB,3,18-Apr,ADBM,5/31/24,0.2093,,,,0.0682,26
id089,53,23,3,56,HM049,7,+,D,D+,id:89,Bot,2,RIGHT,FB,2,18-Apr,ADBM,5/31/24,0.0834,,,,0.0561,27
id090,36,47,9,45,HM049,8,+,D,D+,id:90,Bot,7,RIGHT,FB,13,18-Apr,ADBM,5/31/24,0.2884,,,,0.0743,26
id091,27,21,5,32,HM049,1,+,C,C+,id:91,Bot,4,LEFT,FD,5,17-Apr,ADBM,6/7/24,0.1257,,,,0.0648,23
id092,18,4,9,27,HM049,2,+,C,C+,id:92,Bot,5,LEFT,FD,6,17-Apr,ADBM,6/7/24,0.2191,,,,0.091,20
id093,4,23,0,4,HM049,3,+,C,C+,id:93,Bot,3,LEFT,FD,9,17-Apr,ADBM,6/7/24,0.2776,,,,0.0761,27
id094,5,12,1,6,HM049,4,+,C,C+,id:94,Bot,6,LEFT,FD,10,17-Apr,EY,6/7/24,0.1381,,,,0.06,15
id095,59,20,4,63,HM049,5,+,C,C+,id:95,Bot,2,LEFT,FD,12,17-Apr,ADBM,6/7/24,0.186,,,,0.0885,23
id096,29,32,14,43,HM049,6,+,C,C+,id:96,Bot,7,LEFT,FD,3,17-Apr,ADBM,6/7/24,0.2027,,,,0.0727,NA
id097,0,8,0,0,HM049,1,-,C,C-,id:97,Top,4,RIGHT,MB,5,17-Apr,MC,6/10/24,0.0293,,,,0.0252,17
id098,0,39,0,0,HM049,2,-,C,C-,id:98,Top,5,RIGHT,MB,6,17-Apr,MC,6/10/24,0.0481,,,,0.0447,18
id099,0,18,0,0,HM049,3,-,C,C-,id:99,Top,3,RIGHT,MB,9,17-Apr,ADBM,6/10/24,0.0571,,,,0.0408,27
id100,0,25,0,0,HM049,4,-,C,C-,id:100,Top,6,RIGHT,MB,10,17-Apr,MC,6/10/24,0.0772,,,,0.048,24
id101,0,22,0,0,HM049,5,-,C,C-,id:101,Top,2,RIGHT,MB,12,17-Apr,CYC,6/10/24,0.0387,,,,0.025,20
id102,0,7,0,0,HM049,6,-,C,C-,id:102,Top,7,RIGHT,MB,3,17-Apr,MC,6/10/24,0.0558,,,,0.0262,16
id103,42,41,20,62,HM049,1,+,WSM1022,B+,id:103,Mid,5,LEFT,FD,5,16-Apr,ADBM,5/29/24,0.1504,,,,0.089,26
id104,36,47,12,48,HM049,2,+,WSM1022,B+,id:104,Mid,4,LEFT,FD,6,16-Apr,ADBM,5/29/24,0.0787,,,,0.0417,7
id105,21,17,6,27,HM049,3,+,WSM1022,B+,id:105,Mid,6,LEFT,FD,9,16-Apr,ADBM,5/29/24,0.1244,,,,0.0456,25
id106,14,45,13,27,HM049,4,+,WSM1022,B+,id:106,Mid,3,LEFT,FD,10,16-Apr,ADBM,5/29/24,0.1417,,,,0.0502,24
id107,37,52,14,51,HM049,5,+,WSM1022,B+,id:107,Mid,2,LEFT,FD,3,16-Apr,ADBM,5/29/24,0.1096,,,,0.0779,24
id108,19,33,10,29,HM049,6,+,WSM1022,B+,id:108,Mid,7,LEFT,FD,12,16-Apr,ADBM,5/29/24,0.201,,,,0.0774,16
id109,46,45,10,56,HM049,7 (1),+,WSM1022,B+,id:109,Mid,2,LEFT,FD,5,16-Apr,ADBM,5/29/24,0.0903,,,,0.0641,20
id110,25,42,13,38,HM049,8 (2),+,WSM1022,B+,id:110,Mid,7,LEFT,FD,6,16-Apr,ADBM,5/29/24,0.2203,,,,0.0748,23
id111,27,29,12,39,HM049,9 (3),+,WSM1022,B+,id:111,Mid,4,LEFT,FD,9,16-Apr,ADBM,5/29/24,0.1986,,,,0.0651,18
id112,25,29,4,29,HM049,10 (4),+,WSM1022,B+,id:112,Mid,5,LEFT,FD,10,16-Apr,ADBM,5/29/24,0.0357,,,,0.0296,12
id113,6,16,6,12,HM049,11 (5),+,WSM1022,B+,id:113,Mid,6,LEFT,FD,3,16-Apr,ADBM,5/29/24,0.1111,,,,0.0458,24
id114,37,8,5,42,HM049,12 (6),+,WSM1022,B+,id:114,Mid,3,LEFT,FD,12,16-Apr,ADBM,5/29/24,0.09,,,,0.0564,17
id115,0,40,0,0,HM138,1,-,D,D-,id:115,Top,5,LEFT,MD,5,15-Apr,ADBM,,0.09,,,,0.0408,12
id116,0,25,0,0,HM138,2,-,D,D-,id:116,Top,4,LEFT,MD,6,15-Apr,ADBM,,0.0973,,,,0.0169,12
id117,0,33,0,0,HM138,3,-,D,D-,id:117,Top,6,LEFT,MD,9,15-Apr,ADBM,,0.084,,,,0.0389,21
id118,0,22,0,0,HM138,4,-,D,D-,id:118,Top,3,LEFT,MD,10,15-Apr,ADBM,,0.1032,,,,0.0509,16
id120,0,21,0,0,HM138,6,-,D,D-,id:120,Top,7,LEFT,MD,12,15-Apr,ADBM,,0.0895,,,,0.0451,10
id121,12,4,2,14,HM138,1,+,D,D+,id:121,Bot,5,RIGHT,FB,6,18-Apr,ADBM,5/31/24,0.0358,,,,0.009,10
id122,35,38,17,52,HM138,2,+,D,D+,id:122,Bot,4,RIGHT,FB,6,18-Apr,ADBM,5/31/24,0.1045,,,,0.0503,29
id123,22,36,9,31,HM138,3,+,D,D+,id:123,Bot,6,RIGHT,FB,9,18-Apr,ADBM,5/31/24,0.1402,,,,0.0446,26
id124,41,16,13,54,HM138,4,+,D,D+,id:124,Bot,3,RIGHT,FB,10,18-Apr,ADBM,5/31/24,0.1083,,,,0.0519,34
id125,47,29,17,64,HM138,5,+,D,D+,id:125,Bot,2,RIGHT,FB,3,18-Apr,ADBM,5/31/24,0.1832,,,,0.0587,24
id126,30,28,14,44,HM138,6,+,D,D+,id:126,Bot,7,RIGHT,FB,12,18-Apr,ADBM,5/31/24,0.1677,,,,0.0422,18
id127,0,18,0,0,HM138,1,-,E,E-,id:127,Mid,4,LEFT,MD,5,16-Apr,ADBM,5/30/24,0.1406,,,,0.0376,10
id129,0,34,0,0,HM138,3,-,E,E-,id:129,Mid,3,LEFT,MD,9,16-Apr,EY,5/30/24,0.2147,,,,0.06,19
id130,0,38,0,0,HM138,4,-,E,E-,id:130,Mid,6,LEFT,MD,10,16-Apr,EY,5/30/24,0.1258,,,,0.0588,17
id131,0,9,0,0,HM138,5,-,E,E-,id:131,Mid,2,LEFT,MD,12,16-Apr,ADBM,5/30/24,0.1691,,,,0.0394,19
id132,0,23,0,0,HM138,6,-,E,E-,id:132,Mid,7,LEFT,MD,3,16-Apr,ADBM,5/30/24,0.1587,,,,0.0442,20
id133,18,12,0,18,HM138,1,+,E,E+,id:133,Top,4,RIGHT,FB,5,17-Apr,ADBM,6/10/24,0.0069,,,,0.0075,0
id134,38,23,11,49,HM138,2,+,E,E+,id:134,Top,5,RIGHT,FB,6,17-Apr,,6/10/24,0.0862,,,,0.0562,NA
id135,40,27,8,48,HM138,3,+,E,E+,id:135,Top,3,RIGHT,FB,9,17-Apr,ADBM,6/10/24,0.1302,,,,0.0361,14
id136,17,26,3,20,HM138,4,+,E,E+,id:136,Top,6,RIGHT,FB,10,17-Apr,EY,6/10/24,0.1288,,,,0.0397,15
id137,8,14,0,8,HM138,5,+,E,E+,id:137,Top,2,RIGHT,FB,12,17-Apr,EY,6/10/24,0.0874,,,,0.0337,16
id138,0,8,2,2,HM138,6,+,E,E+,id:138,Top,7,RIGHT,FB,3,17-Apr,CYC,6/10/24,0.0491,,,,0.0185,13
id139,0,30,0,0,HM138,1,-,C,C-,id:139,Top,5,RIGHT,MB,5,17-Apr,CYC,6/10/24,,,,,0.0432,13
id140,0,12,0,0,HM138,2,-,C,C-,id:140,Top,4,RIGHT,MB,6,17-Apr,ADBM,6/10/24,0.0924,,,,0.0296,20
id141,0,23,0,0,HM138,3,-,C,C-,id:141,Top,6,RIGHT,MB,9,17-Apr,CYC,6/10/24,0.1216,,,,0.0372,24
id142,0,25,0,0,HM138,4,-,C,C-,id:142,Top,3,RIGHT,MB,10,17-Apr,MC,6/10/24,0.0706,,,,0.0326,27
id143,0,4,0,0,HM138,5,-,C,C-,id:143,Top,2,RIGHT,MB,3,17-Apr,MC,6/10/24,0.0618,,,,0.0145,20
id144,0,28,0,0,HM138,6,-,C,C-,id:144,Top,7,RIGHT,MB,12,17-Apr,ADBM,6/10/24,0.1461,,,,0.0418,20
id145,19,8,7,26,HM138,1,+,C,C+,id:145,Bot,5,LEFT,FD,5,17-Apr,ADBM,6/7/24,0.0994,,,,0.0393,19
id146,42,44,7,49,HM138,2,+,C,C+,id:146,Bot,4,LEFT,FD,6,17-Apr,ADBM,6/7/24,0.2216,,,,0.0642,17
id147,27,29,2,29,HM138,3,+,C,C+,id:147,Bot,6,LEFT,FD,9,17-Apr,ADBM,6/7/24,0.1055,,,,0.0474,15
id148,42,16,0,42,HM138,4,+,C,C+,id:148,Bot,3,LEFT,FD,10,17-Apr,ADBM,6/7/24,0.0667,,,,0.0189,23
id149,43,36,12,55,HM138,5,+,C,C+,id:149,Bot,2,LEFT,FD,3,17-Apr,ADBM,6/7/24,0.2741,,,,0.0642,27
id150,35,15,7,42,HM138,6,+,C,C+,id:150,Bot,7,LEFT,FD,12,17-Apr,ADBM,6/7/24,0.1412,,,,0.0395,19
id151,32,24,16,48,HM138,7,+,C,C+,id:151,Bot,2,LEFT,FD,13,17-Apr,ADBM,6/7/24,0.1356,,,,0.0573,24
id152,0,43,0,0,HM012,1,-,D,D-,id:152,Top,2,LEFT,MD,5,15-Apr,ADBM,,0.0862,,,,0.0286,18
id153,0,33,0,0,HM012,2,-,D,D-,id:153,Top,7,LEFT,MD,6,15-Apr,ADBM,,0.0686,,,,0.0302,23
id154,0,37,0,0,HM012,3,-,D,D-,id:154,Top,4,LEFT,MD,9,15-Apr,ADBM,,0.0135,,,,0.012,7
id155,0,89,0,0,HM012,4,-,D,D-,id:155,Top,5,LEFT,MD,10,15-Apr,ADBM,,0.041,,,,0.039,16
id156,0,51,0,0,HM012,5,-,D,D-,id:156,Top,6,LEFT,MD,3,15-Apr,ADBM,,0.1552,,,,0.0449,17
id157,0,12,0,0,HM012,6,-,D,D-,id:157,Top,3,LEFT,MD,12,15-Apr,ADBM,,0.1954,,,,0.0417,12
id158,0,11,0,0,HM012,7,-,D,D-,id:158,Top,6,LEFT,MD,13,15-Apr,ADBM,,0.011,,,,0.0048,12
id159,4,8,2,6,HM012,1,+,D,D+,id:159,Bot,2,RIGHT,FB,5,18-Apr,ADBM,5/31/24,0.2068,,,,0.049,22
id160,5,21,1,6,HM012,2,+,D,D+,id:160,Bot,7,RIGHT,FB,6,18-Apr,ADBM,5/31/24,0.062,,,,0.0241,20
id161,7,22,10,17,HM012,3,+,D,D+,id:161,Bot,4,RIGHT,FB,9,18-Apr,ADBM,5/31/24,0.2859,,,,0.0468,22
id162,5,81,1,6,HM012,4,+,D,D+,id:162,Bot,5,RIGHT,FB,12,18-Apr,ADBM,5/31/24,0.0928,,,,0.0425,31
id163,5,12,1,6,HM012,5,+,D,D+,id:163,Bot,6,RIGHT,FB,3,18-Apr,ADBM,5/31/24,0.2284,,,,0.0474,28
id164,41,28,3,44,HM012,6,+,D,D+,id:164,Bot,3,RIGHT,FB,12,18-Apr,ADBM,5/31/24,0.1004,,,,0.0487,24
id165,5,9,1,6,HM012,7,+,D,D+,id:165,Bot,6,RIGHT,FB,13,18-Apr,ADBM,5/31/24,0.1867,,,,0.0452,26
id166,0,17,0,0,HM012,1,-,E,E-,id:166,Mid,5,LEFT,MD,5,16-Apr,ADBM,5/30/24,0.2216,,,,0.0697,20
id167,0,21,0,0,HM012,2,-,E,E-,id:167,Mid,4,LEFT,MD,6,16-Apr,EY,5/30/24,0.1317,,,,0.047,17
id168,NA,NA,NA,NA,HM012,3,-,E,E-,id:168,Mid,6,LEFT,MD,9,16-Apr,ADBM,5/30/24,0.1258,,,,0.0482,26
id168p1,0,20,0,0,HM012,3,-,E,E-,id:168,Mid,6,LEFT,MD,9,16-Apr,ADBM,5/30/24,,,,,NA,26
id168p2,0,5,0,0,HM012,3,-,E,E-,id:168,Mid,6,LEFT,MD,9,16-Apr,ADBM,5/30/24,,,,,NA,26
id168p3,0,28,0,0,HM012,3,-,E,E-,id:168,Mid,6,LEFT,MD,9,16-Apr,ADBM,5/30/24,,,,,NA,26
id169,0,30,0,0,HM012,4,-,E,E-,id:169,Mid,3,LEFT,MD,10,16-Apr,ADBM,5/30/24,0.1116,,,,0.0658,15
id170,0,44,0,0,HM012,5,-,E,E-,id:170,Mid,2,LEFT,MD,3,16-Apr,ADBM,5/30/24,0.1133,,,,0.0609,24
id171,0,26,0,0,HM012,6,-,E,E-,id:171,Mid,7,LEFT,MD,12,16-Apr,ADBM,5/30/24,0.1656,,,,0.057,28
id172,0,23,0,0,HM012,7,-,E,E-,id:172,Mid,2,LEFT,MD,13,16-Apr,EY,5/30/24,0.0522,,,,0.0337,15
id173,30,21,0,30,HM012,1,+,E,E+,id:173,Top,5,RIGHT,FB,5,17-Apr,ADBM,6/10/24,0.0316,,,,0.0247,26
id174,22,19,1,23,HM012,2,+,E,E+,id:174,Top,4,RIGHT,FB,6,17-Apr,EY,6/10/24,0.0424,,,,0.0291,19
id176,13,29,1,14,HM012,4,+,E,E+,id:176,Top,3,RIGHT,FB,10,17-Apr,ADBM,6/10/24,0.0314,,,,0.0383,21
id177,25,26,1,26,HM012,5,+,E,E+,id:177,Top,2,RIGHT,FB,3,17-Apr,EY,6/10/24,0.0518,,,,0.0245,13
id178,10,22,3,13,HM012,6,+,E,E+,id:178,Top,7,RIGHT,FB,12,17-Apr,EY,6/10/24,0.0974,,,,0.0373,17
id179,17,22,2,19,HM012,7,+,E,E+,id:179,Top,2,RIGHT,FB,13,17-Apr,ADBM,6/10/24,0.0277,,,,0.0193,18
id180,0,15,0,0,HM012,1,-,F,F-,id:180,Bot,4,LEFT,MD,5,17-Apr,ADBM,6/10/24,0.2484,,,,0.0466,24
id181,0,7,0,0,HM012,2,-,F,F-,id:181,Bot,5,LEFT,MD,6,17-Apr,EY,6/7/24,0.0376,,,,0.0079,14
id183,0,19,0,0,HM012,4,-,F,F-,id:183,Bot,6,LEFT,MD,10,17-Apr,EY,6/7/24,0.1527,,,,0.0417,26
id184,0,49,0,0,HM012,5,-,F,F-,id:184,Bot,2,LEFT,MD,12,17-Apr,ADBM,6/10/24,0.0471,,,,0.0227,13
id185,0,59,0,0,HM012,6,-,F,F-,id:185,Bot,7,LEFT,MD,3,17-Apr,EY,6/7/24,0.0964,,,,0.0553,27
id187,19,7,4,23,HM012,1,+,F,F+,id:187,Mid,4,RIGHT,FB,5,19-Apr,EYE,5/31/24,0.1138,,,,0.0337,24
id188,8,6,1,9,HM012,2,+,F,F+,id:188,Mid,5,RIGHT,FB,6,19-Apr,EY,5/31/24,0.1398,,,,0.044,30
id189,3,86,1,4,HM012,3,+,F,F+,id:189,Mid,3,RIGHT,FB,9,19-Apr,EY,5/31/24,0.0786,,,,0.0378,15
id190,5,46,0,5,HM012,4,+,F,F+,id:190,Mid,6,RIGHT,FB,10,19-Apr,EY,5/31/24,0.0383,,,,0.0271,21
id191,1,1,2,3,HM012,5,+,F,F+,id:191,Mid,2,RIGHT,FB,12,19-Apr,EY,5/31/24,0.1191,,,,0.0321,22
id192,1,29,0,1,HM012,6,+,F,F+,id:192,Mid,7,RIGHT,FB,3,19-Apr,EY,5/31/24,0.0987,,,,0.0308,28
id193,8,46,2,10,HM012,7,+,F,F+,id:193,Mid,2,RIGHT,FB,2,19-Apr,EY,5/31/24,0.1208,,,,0.0322,17
id194,8,15,4,12,HM052,1,+,G,G+,id:194,Top,4,LEFT,MB,5,15-Apr,ADBM,5/29/24,0.1337,,,,0.0448,20
id195,16,16,6,22,HM052,2,+,G,G+,id:195,Top,5,LEFT,MB,6,16-Apr,ADBM,5/29/24,0.0259,,,,0.0316,18
id196,14,20,4,18,HM052,3,+,G,G+,id:196,Top,3,LEFT,MB,9,15-Apr,ADBM,5/29/24,0.0376,,,,0.0489,15
id197,5,7,3,8,HM052,4,+,G,G+,id:197,Top,6,LEFT,MB,10,16-Apr,ADBM,5/31/24,0.0248,,,,0.0351,1
id198,5,13,1,6,HM052,5,+,G,G+,id:198,Top,2,LEFT,MB,12,15-Apr,ADBM,5/29/24,0.0663,,,,0.0502,16
id199,34,10,3,37,HM052,6,+,G,G+,id:199,Top,7,LEFT,MB,3,16-Apr,ADBM,5/31/24,0.0553,,,,0.0424,13
id200,7,0,1,8,HM052,7,+,G,G+,id:200,Top,2,LEFT,MB,2,15-Apr,ADBM,5/29/24,0.0273,,,,0.0241,12
id201,12,18,7,19,HM052,8,+,G,G+,id:201,Top,7,LEFT,MB,13,16-Apr,ADBM,5/31/24,0.1273,,,,0.0606,10
id202,0,15,0,0,HM052,1,-,G,G-,id:202,Mid,4,RIGHT,FD,5,18-Apr,ADBM,6/12/24,0.1804,,,,0.0707,37
id203,0,43,0,0,HM052,2,-,G,G-,id:203,Mid,5,RIGHT,FD,6,18-Apr,ADBM,6/12/24,0.2674,,,,0.1302,35
id204,0,32,0,0,HM052,3,-,G,G-,id:204,Mid,3,RIGHT,FD,9,18-Apr,CYC,6/12/24,0.1411,,,,0.0748,33
id205,0,15,0,0,HM052,4,-,G,G-,id:205,Mid,6,RIGHT,FD,10,18-Apr,CYC,6/12/24,0.1127,,,,0.0396,22
id206,0,21,0,0,HM052,5,-,G,G-,id:206,Mid,2,RIGHT,FD,12,18-Apr,ADBM,6/12/24,0.1172,,,,0.0555,29
id207,0,23,0,0,HM052,6,-,G,G-,id:207,Mid,7,RIGHT,FD,3,18-Apr,ADBM,6/12/24,0.0669,,,,0.0745,25
id208,0,5,0,0,HM052,7,-,G,G-,id:208,Mid,2,RIGHT,FD,2,18-Apr,ADBM,6/12/24,0.1945,,,,0.0927,28
id209,0,37,0,0,HM052,8,-,G,G-,id:209,Mid,7,RIGHT,FD,13,18-Apr,CYC,6/12/24,0.2032,,,,0.099,25
id210,55,37,6,61,HM052,1,+,E,E+,id:210,Top,2,RIGHT,FB,5,17-Apr,ADBM,6/10/24,0.0285,,,,0.0553,17
id211,14,7,2,16,HM052,2,+,E,E+,id:211,Top,7,RIGHT,FB,6,17-Apr,CYC,6/10/24,0.05,,,,0.0501,16
id212,2,35,1,3,HM052,3,+,E,E+,id:212,Top,4,RIGHT,FB,9,17-Apr,EY,6/10/24,0.0265,,,,0.0261,15
id213,7,46,1,8,HM052,4,+,E,E+,id:213,Top,5,RIGHT,FB,10,17-Apr,ADBM,6/10/24,0.5,,,,0.0525,14
id214,39,11,14,53,HM052,5,+,E,E+,id:214,Top,6,RIGHT,FB,3,17-Apr,ADBM,6/10/24,0.2155,,,,0.0822,30
id215,8,9,4,12,HM052,6,+,E,E+,id:215,Top,3,RIGHT,FB,12,17-Apr,EY,6/10/24,0.1725,,,,0.069,19
id216,52,6,2,54,HM052,7,+,E,E+,id:216,Top,6,RIGHT,FB,13,17-Apr,EY,6/10/24,0.026,,,,0.0276,16
id217,19,1,5,24,HM052,8,+,E,E+,id:217,Top,3,RIGHT,FB,2,17-Apr,EY,6/10/24,0.148,,,,0.0318,22
id218,44,12,3,47,HM052,1,+,F,F+,id:218,Mid,5,RIGHT,FB,5,19-Apr,CYC,5/31/24,0.2638,,,,0.0826,23
id219,39,14,4,43,HM052,2,+,F,F+,id:219,Mid,4,RIGHT,FB,6,19-Apr,CYC,5/31/24,0.2261,,,,0.1104,19
id220,36,4,4,40,HM052,3,+,F,F+,id:220,Mid,6,RIGHT,FB,9,19-Apr,CYC,5/31/24,0.1674,,,,0.0696,15
id221,31,11,4,35,HM052,4,+,F,F+,id:221,Mid,3,RIGHT,FB,10,19-Apr,CYC,5/31/24,0.1789,,,,0.0684,18
id222,38,15,13,51,HM052,5,+,F,F+,id:222,Mid,2,RIGHT,FB,3,19-Apr,CYC,5/31/24,0.2412,,,,0.0722,24
id223,10,23,6,16,HM052,6,+,F,F+,id:223,Mid,7,RIGHT,FB,12,19-Apr,ADBM,5/31/24,0.1657,,,,0.049,6
id224,3,13,0,3,HM052,7,+,F,F+,id:224,Mid,2,RIGHT,FB,13,19-Apr,CYC,5/31/24,0.0507,,,,0.0515,15
id225,26,6,6,32,HM052,8,+,F,F+,id:225,Mid,7,RIGHT,FB,2,19-Apr,CYC,5/31/24,0.2554,,,,0.0975,17
id226,0,14,0,0,HM052,1,-,E,E-,id:226,Mid,2,LEFT,MD,5,16-Apr,EY,5/30/24,0.0691,,,,0.0285,9
id227,0,5,0,0,HM052,2,-,E,E-,id:227,Mid,7,LEFT,MD,6,16-Apr,ADBM,5/30/24,0.0353,,,,0.0112,2
id228,0,35,0,0,HM052,3,-,E,E-,id:228,Mid,4,LEFT,MD,9,16-Apr,ADBM,5/30/24,0.0416,,,,0.0729,18
id229,0,6,0,0,HM052,4,-,E,E-,id:229,Mid,5,LEFT,MD,10,16-Apr,EY,5/30/24,0.1996,,,,0.0866,25
id230,0,15,0,0,HM052,5,-,E,E-,id:230,Mid,6,LEFT,MD,3,16-Apr,ADBM,5/30/24,0.2422,,,,0.0866,25
id231,0,15,0,0,HM052,6,-,E,E-,id:231,Mid,3,LEFT,MD,12,16-Apr,EY,5/30/24,0.2669,,,,0.0947,23
id232,0,17,0,0,HM052,7,-,E,E-,id:232,Mid,6,LEFT,MD,13,16-Apr,EY,5/30/24,0.2716,,,,0.1061,24
id233,0,8,0,0,HM052,8,-,E,E-,id:233,Mid,3,LEFT,MD,2,16-Apr,ADBM,5/30/24,0.1336,,,,0.0751,15
id234,0,7,0,0,HM052,1,-,F,F-,id:234,Bot,5,LEFT,MD,5,17-Apr,ADBM,6/7/24,0.1534,,,,0.0641,27
id235,0,14,0,0,HM052,2,-,F,F-,id:235,Bot,4,LEFT,MD,6,17-Apr,EY,6/10/24,0.2161,,,,0.0848,21
id236,0,7,0,0,HM052,3,-,F,F-,id:236,Bot,6,LEFT,MD,9,17-Apr,ADBM,6/7/24,0.2105,,,,0.0731,32
id237,0,9,0,0,HM052,4,-,F,F-,id:237,Bot,3,LEFT,MD,10,17-Apr,EY,6/10/24,0.0683,,,,0.067,20
id238,0,11,0,0,HM052,5,-,F,F-,id:238,Bot,2,LEFT,MD,3,17-Apr,ADBM,6/10/24,0.2112,,,,0.0731,30
id239,0,3,0,0,HM052,6,-,F,F-,id:239,Bot,7,LEFT,MD,12,17-Apr,EY,6/10/24,0.1492,,,,0.0839,27
id240,0,18,0,0,HM052,7,-,F,F-,id:240,Bot,2,LEFT,MD,13,17-Apr,EY,6/10/24,0.3201,,,,0.1158,25
id241,0,13,0,0,HM052,8,-,F,F-,id:241,Bot,7,LEFT,MD,2,17-Apr,ADBM,6/7/24,0.2301,,,,0.145,17
id242,13,32,3,16,HM048,1,+,G,G+,id:242,Top,5,LEFT,MB,5,16-Apr,ADBM,5/29/24,0.0483,,,,0.0248,13
id243,5,20,0,5,HM048,2,+,G,G+,id:243,Top,4,LEFT,MB,6,15-Apr,ADBM,5/29/24,0.038,,,,0.0162,16
id244,23,11,2,25,HM048,3,+,G,G+,id:244,Top,6,LEFT,MB,9,16-Apr,ADBM,5/29/24,0.0482,,,,0.022,12
id246,20,35,12,32,HM048,5,+,G,G+,id:246,Top,2,LEFT,MB,3,15-Apr,ADBM,5/29/24,0.1177,,,,0.05,6
id247,31,5,0,31,HM048,6,+,G,G+,id:247,Top,7,LEFT,MB,12,16-Apr,ADBM,5/31/24,0.0477,,,,0.0179,7
id248,23,27,1,24,HM048,7,+,G,G+,id:248,Top,2,LEFT,MB,13,15-Apr,ADBM,5/29/24,0.0767,,,,0.0251,21
id249,28,22,3,31,HM048,1,+,H,H+,id:249,Mid,4,LEFT,MB,5,16-Apr,ADBM,5/30/24,0.231,,,,0.076,28
id250,13,22,2,15,HM048,2,+,H,H+,id:250,Mid,5,LEFT,MB,6,16-Apr,EY,5/30/24,0.161,,,,0.0456,15
id251,27,1,2,29,HM048,3,+,H,H+,id:251,Mid,3,LEFT,MB,9,16-Apr,ADBM,5/30/24,0.0347,,,,0.0239,12
id252,0,17,1,1,HM048,4,+,H,H+,id:252,Mid,6,LEFT,MB,10,17-Apr,ADBM,5/31/24,0.1047,,,,0.0352,19
id253,29,44,1,30,HM048,5,+,H,H+,id:253,Mid,2,LEFT,MB,12,16-Apr,ADBM,5/30/24,0.2793,,,,0.0546,29
id254,29,13,1,30,HM048,6,+,H,H+,id:254,Mid,7,LEFT,MB,3,17-Apr,ADBM,5/31/24,0.2726,,,,0.0685,22
id255,35,17,5,40,HM048,7,+,H,H+,id:255,Mid,2,LEFT,MB,2,16-Apr,EY,5/30/24,0.0706,,,,0.0364,16
id256,0,30,0,0,HM048,1,-,F,F-,id:256,Bot,2,LEFT,MD,5,17-Apr,EY,6/10/24,0.2641,,,,0.0799,24
id257,0,14,0,0,HM048,2,-,F,F-,id:257,Bot,7,LEFT,MD,6,17-Apr,EY,6/7/24,0.2664,,,,0.0629,26
id258,0,28,0,0,HM048,3,-,F,F-,id:258,Bot,4,LEFT,MD,9,17-Apr,ADBM,6/10/24,0.0536,,,,0.0275,21
id259,0,19,0,0,HM048,4,-,F,F-,id:259,Bot,5,LEFT,MD,10,17-Apr,EY,6/7/24,0.2553,,,,0.0587,19
id260,0,21,0,0,HM048,5,-,F,F-,id:260,Bot,6,LEFT,MD,3,17-Apr,ADBM,6/7/24,0.0352,,,,0.0178,8
id261,0,39,0,0,HM048,6,-,F,F-,id:261,Bot,3,LEFT,MD,12,17-Apr,ADBM,6/10/24,0.2906,,,,0.0683,21
id262,0,18,0,0,HM048,7,-,F,F-,id:262,Bot,6,LEFT,MD,13,17-Apr,EY,6/7/24,0.2845,,,,0.0667,19
id263,17,6,2,19,HM048,1,+,F,F+,id:263,Mid,2,RIGHT,FB,5,19-Apr,EY,5/31/24,0.2149,,,,0.0617,16
id264,18,5,2,20,HM048,2,+,F,F+,id:264,Mid,7,RIGHT,FB,6,19-Apr,MC,5/31/24,0.272,,,,0.0576,29
id265,12,10,1,13,HM048,3,+,F,F+,id:265,Mid,4,RIGHT,FB,9,19-Apr,EY,5/31/24,0.2221,,,,0.0448,23
id266,8,6,2,10,HM048,4,+,F,F+,id:266,Mid,5,RIGHT,FB,10,19-Apr,EY,5/31/24,0.2126,,,,0.0453,20
id267,12,0,1,13,HM048,5,+,F,F+,id:267,Mid,6,RIGHT,FB,3,19-Apr,CYC,5/31/24,0.052,,,,0.0065,2
id268,0,5,1,1,HM048,6,+,F,F+,id:268,Mid,3,RIGHT,FB,12,19-Apr,ADBM,5/31/24,0.1467,,,,0.0462,20
id269,15,11,1,16,HM048,7,+,F,F+,id:269,Mid,6,RIGHT,FB,13,19-Apr,ADBM,5/31/24,0.1937,,,,0.0482,27
id270,0,8,0,0,HM048,1,-,G,G-,id:270,Mid,5,RIGHT,FD,5,18-Apr,CYC,6/12/24,0.0504,,,,0.0142,21
id271,0,27,0,0,HM048,2,-,G,G-,id:271,Mid,4,RIGHT,FD,6,18-Apr,CYC,6/12/24,0.1524,,,,0.0654,32
id272,0,19,0,0,HM048,3,-,G,G-,id:272,Mid,6,RIGHT,FD,9,18-Apr,ADBM,6/12/24,0.0883,,,,0.0387,27
id273,0,31,0,0,HM048,4,-,G,G-,id:273,Mid,3,RIGHT,FD,10,18-Apr,ADBM,6/12/24,0.1184,,,,0.044,29
id275,0,28,0,0,HM048,6,-,G,G-,id:275,Mid,7,RIGHT,FD,12,18-Apr,ADBM,6/12/24,0.187,,,,0.0547,22
id276,0,36,0,0,HM048,7,-,G,G-,id:276,Mid,2,RIGHT,FD,13,18-Apr,CYC,6/12/24,0.1694,,,,0.0634,30
id277,0,14,0,0,HM048,1,-,H,H-,id:277,Bot,4,RIGHT,FD,5,18-Apr,ADBM,5/31/24,0.1824,,,,0.0485,20
id278,0,14,0,0,HM048,2,-,H,H-,id:278,Bot,5,RIGHT,FD,6,18-Apr,ADBM,5/31/24,0.1315,,,,0.0404,18
id279,0,15,0,0,HM048,3,-,H,H-,id:279,Bot,3,RIGHT,FD,9,18-Apr,ADBM,5/31/24,0.251,,,,0.0691,30
id280,0,11,0,0,HM048,4,-,H,H-,id:280,Bot,6,RIGHT,FD,10,18-Apr,CYC,5/31/24,0.0954,,,,0.0211,19
id281,0,16,0,0,HM048,5,-,H,H-,id:281,Bot,2,RIGHT,FD,12,18-Apr,ADBM,5/31/24,0.1669,,,,0.0457,19
id282,0,23,0,0,HM048,6,-,H,H-,id:282,Bot,7,RIGHT,FD,3,18-Apr,CYC,5/31/24,0.1461,,,,0.0416,12
id283,0,18,0,0,HM048,7,-,H,H-,id:283,Bot,2,RIGHT,FD,2,18-Apr,ADBM,5/31/24,0.1876,,,,0.0802,30
id284,49,40,3,52,HM041,1,+,G,G+,id:284,Top,2,LEFT,MB,5,15-Apr,ADBM,5/29/24,0.0523,,,,0.0262,10
id285,17,18,0,17,HM041,2,+,G,G+,id:285,Top,7,LEFT,MB,6,16-Apr,ADBM,5/31/24,0.0365,,,,0.0185,11
id286,8,29,0,8,HM041,3,+,G,G+,id:286,Top,4,LEFT,MB,9,16-Apr,ADBM,5/29/24,0.0294,,,,0.0138,17
id287,15,53,3,18,HM041,4,+,G,G+,id:287,Top,5,LEFT,MB,10,16-Apr,ADBM,5/29/24,0.0345,,,,0.0166,16
id288,45,35,5,50,HM041,5,+,G,G+,id:288,Top,6,LEFT,MB,3,16-Apr,ADBM,5/29/24,0.0751,,,,0.0329,15
id289,11,13,2,13,HM041,6,+,G,G+,id:289,Top,3,LEFT,MB,12,15-Apr,ADBM,5/29/24,0.0164,,,,0.0129,13
id290,43,50,5,48,HM041,7,+,G,G+,id:290,Top,6,LEFT,MB,13,16-Apr,ADBM,5/31/24,0.0571,,,,0.0388,14
id291,0,81,0,0,HM041,1,-,I,I-,id:291,Top,4,LEFT,FB,5,16-Apr,ADBM,5/29/24,0.0669,,,,0.0452,20
id292,0,21,0,0,HM041,2,-,I,I-,id:292,Top,5,LEFT,FB,6,16-Apr,ADBM,5/29/24,0.1723,,,,0.0713,17
id293,0,17,0,0,HM041,3,-,I,I-,id:293,Top,3,LEFT,FB,9,16-Apr,ADBM,5/29/24,0.1958,,,,0.0622,15
id294,0,21,0,0,HM041,4,-,I,I-,id:294,Top,6,LEFT,FB,10,16-Apr,ADBM,5/31/24,0.2639,,,,0.0616,19
id295,0,22,0,0,HM041,5,-,I,I-,id:295,Top,2,LEFT,FB,12,16-Apr,ADBM,5/29/24,0.1754,,,,0.0543,13
id296,0,39,0,0,HM041,6,-,I,I-,id:296,Top,7,LEFT,FB,3,16-Apr,ADBM,5/31/24,0.0934,,,,0.0482,18
id297,0,63,0,0,HM041,7,-,I,I-,id:297,Top,2,LEFT,FB,2,16-Apr,ADBM,5/29/24,0.0472,,,,0.0369,18
id298,35,40,16,51,HM041,1,+,H,H+,id:298,Mid,5,LEFT,MB,5,16-Apr,ADBM,5/30/24,0.1903,,,,0.0737,20
id299,32,32,10,42,HM041,2,+,H,H+,id:299,Mid,4,LEFT,MB,6,16-Apr,EY,5/30/24,0.1799,,,,0.0667,17
id300,52,22,5,57,HM041,3,+,H,H+,id:300,Mid,6,LEFT,MB,9,17-Apr,ADBM,5/31/24,0.0282,,,,0.0269,15
id301,42,63,4,46,HM041,4,+,H,H+,id:301,Mid,3,LEFT,MB,10,16-Apr,EY,5/30/24,0.0572,,,,0.0457,14
id302,3,24,0,3,HM041,5,+,H,H+,id:302,Mid,2,LEFT,MB,3,16-Apr,ADBM,5/30/24,0.0449,,,,0.0147,19
id303,0,30,1,1,HM041,6,+,H,H+,id:303,Mid,7,LEFT,MB,12,17-Apr,ADBM,5/31/24,0.0321,,,,0.0284,9
id304,43,31,2,45,HM041,7,+,H,H+,id:304,Mid,2,LEFT,MB,13,16-Apr,EY,5/30/24,0.0664,,,,0.0389,14
id305,0,53,0,0,HM041,1,-,G,G-,id:305,Mid,2,RIGHT,FD,5,18-Apr,CYC,6/12/24,0.0563,,,,0.0419,30
id306,0,27,0,0,HM041,2,-,G,G-,id:306,Mid,7,RIGHT,FD,6,18-Apr,ADBM,6/12/24,0.0879,,,,0.0422,29
id307,0,54,0,0,HM041,3,-,G,G-,id:307,Mid,4,RIGHT,FD,9,18-Apr,CYC,6/12/24,0.1065,,,,0.0474,32
id308,0,33,0,0,HM041,4,-,G,G-,id:308,Mid,5,RIGHT,FD,10,18-Apr,ADBM,6/12/24,0.1556,,,,0.0563,27
id309,0,49,0,0,HM041,5,-,G,G-,id:309,Mid,6,RIGHT,FD,3,18-Apr,CYC,6/12/24,0.1348,,,,0.0612,21
id310,0,29,0,0,HM041,6,-,G,G-,id:310,Mid,3,RIGHT,FD,12,18-Apr,CYC,6/12/24,0.0724,,,,0.0446,29
id311,0,60,0,0,HM041,7,-,G,G-,id:311,Mid,6,RIGHT,FD,13,18-Apr,ADBM,6/12/24,0.0974,,,,0.0506,39
id312,51,24,3,54,HM041,1,+,I,I+,id:312,Bot,4,RIGHT,MD,5,18-Apr,EY,5/31/24,0.0365,,,,0.0183,27
id313,5,48,0,5,HM041,2,+,I,I+,id:313,Bot,5,RIGHT,MD,6,18-Apr,MC,5/31/24,0.0229,,,,0.0196,19
id314,24,43,4,28,HM041,3,+,I,I+,id:314,Bot,3,RIGHT,MD,9,18-Apr,EY,5/31/24,0.0593,,,,0.0382,16
id315,1,26,0,1,HM041,4,+,I,I+,id:315,Bot,6,RIGHT,MD,10,18-Apr,ADBM,5/31/24,0.0591,,,,0.0328,23
id316,9,14,1,10,HM041,5,+,I,I+,id:316,Bot,2,RIGHT,MD,12,18-Apr,CYC,5/31/24,0.1957,,,,0.0563,21
id317,74,56,6,80,HM041,6,+,I,I+,id:317,Bot,7,RIGHT,MD,3,18-Apr,ADBM,5/31/24,0.062,,,,0.0467,16
id318,16,36,3,19,HM041,7,+,I,I+,id:318,Bot,2,RIGHT,MD,2,18-Apr,CYC,5/31/24,0.1184,,,,0.0449,17
id319,0,22,0,0,HM148,1,-,H,H-,id:319,Bot,5,RIGHT,FD,5,18-Apr,ADBM,5/31/24,0.263,,,,0.0686,45
id320,0,6,0,0,HM148,2,-,H,H-,id:320,Bot,4,RIGHT,FD,6,18-Apr,ADBM,5/31/24,0.0556,,,,0.0114,19
id321,0,37,0,0,HM148,3,-,H,H-,id:321,Bot,6,RIGHT,FD,9,18-Apr,CYC,5/31/24,0.0663,,,,0.0214,20
id322,0,27,0,0,HM148,4,-,H,H-,id:322,Bot,3,RIGHT,FD,10,18-Apr,ADBM,5/31/24,0.1265,,,,0.0233,24
id323,0,26,0,0,HM148,5,-,H,H-,id:323,Bot,2,RIGHT,FD,3,18-Apr,ADBM,5/31/24,0.1775,,,,0.0661,20
id324,0,8,0,0,HM148,6,-,H,H-,id:324,Bot,7,RIGHT,FD,12,18-Apr,MC,5/31/24,0.206,,,,0.0528,42
id325,0,10,0,0,HM167,1,-,E,E-,id:325,Mid,7,LEFT,MD,5,16-Apr,EY,5/30/24,0.3833,,,,0.0827,21
id326,0,44,0,0,HM167,2,-,E,E-,id:326,Mid,2,LEFT,MD,6,16-Apr,ADBM,5/30/24,0.1943,,,,0.0476,26
id327,0,21,0,0,HM167,3,-,E,E-,id:327,Mid,5,LEFT,MD,9,16-Apr,ADBM,5/30/24,0.203,,,,0.0668,26
id328,0,37,0,0,HM167,4,-,E,E-,id:328,Mid,4,LEFT,MD,10,16-Apr,EY,5/30/24,0.0717,,,,0.0262,NA
id329,0,25,0,0,HM167,5,-,E,E-,id:329,Mid,6,LEFT,MD,12,16-Apr,ADBM,5/30/24,0.2279,,,,0.0608,19
id330,0,4,0,0,HM167,6,-,E,E-,id:330,Mid,3,LEFT,MD,3,16-Apr,EY,5/30/24,0.2128,,,,0.0605,19
id331,1,14,1,2,HM167,1,+,H,H+,id:331,Mid,3,LEFT,MB,5,16-Apr,EY,5/30/24,0.0123,,,,0.0121,12
id332,2,28,1,3,HM167,2,+,H,H+,id:332,Mid,6,LEFT,MB,6,17-Apr,ADBM,5/31/24,0.1532,,,,0.0588,25
id333,1,6,2,3,HM167,3,+,H,H+,id:333,Mid,2,LEFT,MB,9,16-Apr,EY,5/30/24,0.0788,,,,0.0311,14
id334,6,37,1,7,HM167,4,+,H,H+,id:334,Mid,7,LEFT,MB,10,17-Apr,ADBM,5/31/24,0.0314,,,,0.0306,21
id335,4,1,2,6,HM167,5,+,H,H+,id:335,Mid,4,LEFT,MB,12,16-Apr,ADBM,5/30/24,0.1221,,,,0.0345,22
id336,9,8,3,12,HM167,6,+,H,H+,id:336,Mid,5,LEFT,MB,3,16-Apr,EY,5/30/24,0.2109,,,,0.0391,25
id337,3,30,2,5,HM167,7,+,H,H+,id:337,Mid,4,LEFT,MB,2,16-Apr,EY,5/30/24,0.096,,,,0.0433,25
id338,4,6,2,6,HM167,8,+,H,H+,id:338,Mid,5,LEFT,MB,13,17-Apr,ADBM,5/31/24,0.045,,,,0.0355,17
id339,4,23,1,5,HM167,1,+,E,E+,id:339,Top,7,RIGHT,FB,5,17-Apr,ADBM,6/10/24,0.2071,,,,0.0598,27
id340,2,9,2,4,HM167,2,+,E,E+,id:340,Top,2,RIGHT,FB,6,17-Apr,EY,6/10/24,0.1281,,,,0.0355,18
id341,2,21,0,2,HM167,3,+,E,E+,id:341,Top,5,RIGHT,FB,9,17-Apr,CYC,6/10/24,0.1895,,,,0.0567,21
id342,5,4,2,7,HM167,4,+,E,E+,id:342,Top,4,RIGHT,FB,10,17-Apr,,6/10/24,0.1547,,,,0.043,NA
id343,8,3,1,9,HM167,5,+,E,E+,id:343,Top,6,RIGHT,FB,12,17-Apr,ADBM,6/10/24,0.1897,,,,0.035,22
id344,4,19,1,5,HM167,6,+,E,E+,id:344,Top,3,RIGHT,FB,3,17-Apr,ADBM,6/10/24,0.1878,,,,0.0535,30
id345,1,16,1,2,HM167,7,+,E,E+,id:345,Top,6,RIGHT,FB,2,17-Apr,EY,6/10/24,0.1659,,,,0.0503,25
id347,0,12,0,0,HM167,1,-,WSM1022,B-,id:347,Bot,2,RIGHT,MB,5,18-Apr,ADBM,6/21/24,0.1424,,,,0.0534,27
id348,0,23,0,0,HM167,2,-,WSM1022,B-,id:348,Bot,7,RIGHT,MB,6,18-Apr,ADBM,6/21/24,0.1347,,,,0.0494,30
id349,0,13,0,0,HM167,3,-,WSM1022,B-,id:349,Bot,4,RIGHT,MB,9,18-Apr,ADBM,6/21/24,0.1798,,,,0.0617,20
id350,0,11,0,0,HM167,4,-,WSM1022,B-,id:350,Bot,5,RIGHT,MB,10,18-Apr,ADBM,6/21/24,0.2077,,,,0.057,30
id351,0,8,0,0,HM167,5,-,WSM1022,B-,id:351,Bot,6,RIGHT,MB,3,18-Apr,ADBM,6/21/24,0.2154,,,,0.0666,27
id352,0,2,0,0,HM167,6,-,WSM1022,B-,id:352,Bot,3,RIGHT,MB,12,18-Apr,ADBM,6/21/24,0.0089,,,,0.0046,22
id353,0,15,0,0,HM167,7,-,WSM1022,B-,id:353,Bot,6,RIGHT,MB,13,18-Apr,ADBM,6/21/24,0.1023,,,,0.0464,22
id354,0,6,0,0,HM167,8,-,WSM1022,B-,id:354,Bot,3,RIGHT,MB,2,18-Apr,ADBM,6/21/24,0.1686,,,,0.0727,32
id355,6,8,1,7,HM167,1,+,I,I+,id:355,Bot,3,RIGHT,MD,5,18-Apr,CYC,5/31/24,0.1048,,,,0.0241,25
id356,1,10,0,1,HM167,2,+,I,I+,id:356,Bot,6,RIGHT,MD,6,18-Apr,CYC,5/31/24,0.122,,,,0.0288,17
id357,5,16,3,8,HM167,3,+,I,I+,id:357,Bot,2,RIGHT,MD,9,18-Apr,EY,5/31/24,0.1132,,,,0.034,25
id358,5,23,3,8,HM167,4,+,I,I+,id:358,Bot,7,RIGHT,MD,10,18-Apr,ADBM,5/31/24,0.2136,,,,0.0562,31
id359,1,41,2,3,HM167,5,+,I,I+,id:359,Bot,4,RIGHT,MD,12,18-Apr,CYC,5/31/24,0.2446,,,,0.0742,32
id360,6,17,4,10,HM167,6,+,I,I+,id:360,Bot,5,RIGHT,MD,3,18-Apr,,5/31/24,0.1801,,,,0.0458,NA
id361,5,17,1,6,HM167,7,+,I,I+,id:361,Bot,4,RIGHT,MD,2,18-Apr,CYC,5/31/24,0.2113,,,,0.0547,18
id362,3,44,1,4,HM167,8,+,I,I+,id:362,Bot,5,RIGHT,MD,13,18-Apr,CYC,5/31/24,0.0538,,,,0.0284,26
id363,0,23,0,0,HM167,1,-,H,H-,id:363,Bot,3,RIGHT,FD,5,18-Apr,ADBM,5/31/24,0.1591,,,,0.0511,37
id364,0,32,0,0,HM167,2,-,H,H-,id:364,Bot,6,RIGHT,FD,6,18-Apr,ADBM,5/31/24,0.2272,,,,0.0918,31
id365,0,14,0,0,HM167,3,-,H,H-,id:365,Bot,2,RIGHT,FD,9,18-Apr,ADBM,5/31/24,0.1325,,,,0.0606,20
id366,0,43,0,0,HM167,4,-,H,H-,id:366,Bot,7,RIGHT,FD,10,18-Apr,MC,5/31/24,0.2229,,,,0.0811,36
id367,0,28,0,0,HM167,5,-,H,H-,id:367,Bot,4,RIGHT,FD,12,18-Apr,MC,5/31/24,0.218,,,,0.0775,19
id368,0,21,0,0,HM167,6,-,H,H-,id:368,Bot,5,RIGHT,FD,3,18-Apr,CYC,5/31/24,0.1734,,,,0.0623,27
id369,0,47,0,0,HM167,7,-,H,H-,id:369,Bot,4,RIGHT,FD,2,18-Apr,ADBM,5/31/24,0.1598,,,,0.0647,39
id370,0,12,0,0,HM167,8,-,H,H-,id:370,Bot,5,RIGHT,FD,13,18-Apr,ADBM,5/31/24,0.2435,,,,0.0786,23
id372,0,14,0,0,HM168,2,-,J,J-,id:372,Mid,7,LEFT,FB,6,17-Apr,ADBM,6/7/24,0.1554,,,,0.0422,18
id373,0,10,0,0,HM168,3,-,J,J-,id:373,Mid,4,LEFT,FB,9,17-Apr,ADBM,6/7/24,0.1436,,,,0.0462,22
id374,0,8,0,0,HM168,4,-,J,J-,id:374,Mid,5,LEFT,FB,10,17-Apr,ADBM,6/7/24,0.0717,,,,0.023,21
id375,0,10,0,0,HM168,5,-,J,J-,id:375,Mid,6,LEFT,FB,3,17-Apr,ADBM,6/7/24,0.2002,,,,0.0657,27
id376,0,5,0,0,HM168,6,-,J,J-,id:376,Mid,3,LEFT,FB,12,17-Apr,ADBM,6/7/24,0.1807,,,,0.0596,21
id377,0,8,0,0,HM168,7,-,J,J-,id:377,Mid,6,LEFT,FB,13,17-Apr,ADBM,6/7/24,0.2606,,,,0.0696,27
id378,0,33,0,0,HM168,8,-,J,J-,id:378,Mid,3,LEFT,FB,2,17-Apr,ADBM,6/7/24,0.2305,,,,0.0845,18
id379,0,7,0,0,HM168,9,-,J,J-,id:379,Mid,4,LEFT,FB,7,17-Apr,ADBM,6/7/24,0.122,,,,0.0524,31
id380,0,13,0,0,HM168,10,-,J,J-,id:380,Mid,5,LEFT,FB,8,17-Apr,ADBM,6/7/24,0.175,,,,0.0493,24
id381,11,3,1,12,HM168,1,+,J,J+,id:381,Top,2,RIGHT,MD,5,19-Apr,ADBM,5/31/24,0.1017,,,,0.0326,24
id382,7,1,3,10,HM168,2,+,J,J+,id:382,Top,7,RIGHT,MD,6,19-Apr,ADBM,5/31/24,0.0173,,,,0.0067,3
id383,9,3,4,13,HM168,3,+,J,J+,id:383,Top,4,RIGHT,MD,9,19-Apr,ADBM,5/31/24,0.112,,,,0.0232,10
id384,3,6,1,4,HM168,4,+,J,J+,id:384,Top,5,RIGHT,MD,10,19-Apr,ADBM,5/31/24,0.1631,,,,0.054,19
id385,31,3,8,39,HM168,5,+,J,J+,id:385,Top,6,RIGHT,MD,3,19-Apr,ADBM,5/31/24,0.0457,,,,0.0259,24
id386,8,22,2,10,HM168,6,+,J,J+,id:386,Top,3,RIGHT,MD,12,19-Apr,ADBM,5/31/24,0.0332,,,,0.0141,8
id387,7,1,2,9,HM168,7,+,J,J+,id:387,Top,6,RIGHT,MD,13,19-Apr,ADBM,5/31/24,0.1507,,,,0.0269,23
id388,5,0,1,6,HM168,8,+,J,J+,id:388,Top,3,RIGHT,MD,2,19-Apr,ADBM,5/31/24,0.1474,,,,0.0425,31
id389,3,9,2,5,HM168,9,+,J,J+,id:389,Top,4,RIGHT,MD,7,19-Apr,ADBM,5/31/24,0.0215,,,,0.0193,22
id390,8,3,1,9,HM168,10,+,J,J+,id:390,Top,5,RIGHT,MD,8,19-Apr,ADBM,5/31/24,0.133,,,,0.0314,15
id391,0,14,0,0,HM112,1,-,D,D-,id:391,Top,7,LEFT,MD,5,15-Apr,ADBM,,0.0843,,,,0.0205,10
id392,0,32,0,0,HM112,2,-,D,D-,id:392,Top,2,LEFT,MD,6,15-Apr,ADBM,,0.0821,,,,0.0473,13
id393,0,23,0,0,HM112,3,-,D,D-,id:393,Top,5,LEFT,MD,9,15-Apr,ADBM,,0.0338,,,,0.0145,19
id394,0,75,0,0,HM112,4,-,D,D-,id:394,Top,4,LEFT,MD,10,15-Apr,ADBM,,0.06,,,,0.0566,17
id395,0,29,0,0,HM112,5,-,D,D-,id:395,Top,6,LEFT,MD,12,15-Apr,ADBM,,0.0876,,,,0.0291,24
id396,0,37,0,0,HM112,6,-,D,D-,id:396,Top,3,LEFT,MD,3,15-Apr,ADBM,,0.1343,,,,0.0463,11
id397,0,31,0,0,HM112,7,-,D,D-,id:397,Top,6,LEFT,MD,2,15-Apr,ADBM,,0.0975,,,,0.0236,9
id398,0,28,0,0,HM112,1,-,I,I-,id:398,Top,7,LEFT,FB,5,16-Apr,ADBM,5/31/24,0.2027,,,,0.0633,17
id399,0,17,0,0,HM112,2,-,I,I-,id:399,Top,2,LEFT,FB,6,16-Apr,ADBM,5/29/24,0.2262,,,,0.063,11
id400,0,31,0,0,HM112,3,-,I,I-,id:400,Top,5,LEFT,FB,9,16-Apr,ADBM,5/29/24,0.2722,,,,0.0681,16
id401,0,9,0,0,HM112,4,-,I,I-,id:401,Top,4,LEFT,FB,10,16-Apr,ADBM,5/29/24,0.0998,,,,0.0316,13
id402,0,27,0,0,HM112,5,-,I,I-,id:402,Top,6,LEFT,FB,12,16-Apr,ADBM,5/31/24,0.2247,,,,0.0857,14
id404,31,7,11,42,HM112,1,+,D,D+,id:404,Bot,7,RIGHT,FB,5,18-Apr,ADBM,5/31/24,0.0825,,,,0.0246,14
id405,45,13,6,51,HM112,2,+,D,D+,id:405,Bot,2,RIGHT,FB,6,18-Apr,ADBM,5/31/24,0.1205,,,,0.0618,35
id406,14,8,0,14,HM112,3,+,D,D+,id:406,Bot,5,RIGHT,FB,10,18-Apr,ADBM,5/31/24,0.063,,,,0.0209,20
id407plant1,3,4,0,3,HM112,4,+,D,D+,id:407,Bot,4,RIGHT,FB,10,18-Apr,ADBM,5/31/24,0.017,NA,NA,NA,NA,6
id407plant2,2,6,0,2,HM112,4,+,D,D+,id:407,Bot,4,RIGHT,FB,10,18-Apr,ADBM,5/31/24,0.0395,NA,NA,NA,NA,19
id408,28,35,9,37,HM112,5,+,D,D+,id:408,Bot,6,RIGHT,FB,12,18-Apr,ADBM,5/31/24,0.1337,,,,0.0527,17
id409,6,1,0,6,HM112,6,+,D,D+,id:409,Bot,3,RIGHT,FB,3,18-Apr,ADBM,5/31/24,0.0287,,,,0.0056,11
id410,23,7,4,27,HM112,1,+,I,I+,id:410,Bot,7,RIGHT,MD,5,18-Apr,CYC,5/31/24,0.1712,,,,0.0463,19
id411,39,6,8,47,HM112,2,+,I,I+,id:411,Bot,2,RIGHT,MD,6,18-Apr,CYC,5/31/24,0.114,,,,0.0533,17
id412,38,17,2,40,HM112,3,+,I,I+,id:412,Bot,5,RIGHT,MD,9,18-Apr,CYC,5/31/24,0.0184,,,,0.011,21
id413,9,13,3,12,HM112,4,+,I,I+,id:413,Bot,4,RIGHT,MD,10,18-Apr,EY,5/31/24,0.1102,,,,0.0252,24
id414,53,13,6,59,HM112,5,+,I,I+,id:414,Bot,6,RIGHT,MD,12,18-Apr,CYC,5/31/24,0.2586,,,,0.0851,26
id415,NA,NA,NA,NA,HM112,6,+,I,I+,id:415,Bot,3,RIGHT,MD,3,18-Apr,EY,5/31/24,,,,,NA,NA
id417,0,20,0,0,HM011,1,-,I,I-,id:417,Top,5,LEFT,FB,5,16-Apr,ADBM,5/29/24,0.21,,,,0.063,22
id418,0,35,0,0,HM011,2,-,I,I-,id:418,Top,4,LEFT,FB,6,16-Apr,ADBM,5/29/24,0.0687,,,,0.0455,12
id419,0,18,0,0,HM011,3,-,I,I-,id:419,Top,6,LEFT,FB,9,16-Apr,ADBM,5/29/24,0.2261,,,,0.0639,21
id420,0,42,0,0,HM011,4,-,I,I-,id:420,Top,3,LEFT,FB,10,16-Apr,ADBM,5/29/24,0.0653,,,,0.0239,14
id421,0,40,0,0,HM011,5,-,I,I-,id:421,Top,2,LEFT,FB,3,16-Apr,ADBM,5/29/24,0.3016,,,,0.1154,15
id422,0,40,0,0,HM011,6,-,I,I-,id:422,Top,7,LEFT,FB,12,16-Apr,ADBM,5/31/24,0.3099,,,,0.0764,32
id423,0,24,0,0,HM011,7,-,I,I-,id:423,Top,2,LEFT,FB,13,16-Apr,ADBM,5/29/24,0.1189,,,,0.06,14
id424,8,47,9,17,HM011,1,+,H,H+,id:424,Mid,2,LEFT,MB,5,16-Apr,EY,5/30/24,0.0357,,,,0.0241,18
id425,9,21,0,9,HM011,2,+,H,H+,id:425,Mid,7,LEFT,MB,6,17-Apr,ADBM,5/31/24,0.24,,,,0.0586,24
id426,8,15,0,8,HM011,3,+,H,H+,id:426,Mid,4,LEFT,MB,9,16-Apr,ADBM,5/30/24,0.2409,,,,0.0659,15
id427,9,25,0,9,HM011,4,+,H,H+,id:427,Mid,5,LEFT,MB,10,17-Apr,ADBM,5/31/24,0.274,,,,0.0626,26
id428,6,30,2,8,HM011,5,+,H,H+,id:428,Mid,6,LEFT,MB,3,17-Apr,ADBM,5/31/24,0.0945,,,,0.044,34
id429,9,32,0,9,HM011,6,+,H,H+,id:429,Mid,3,LEFT,MB,12,16-Apr,ADBM,5/30/24,0.0589,,,,0.0324,20
id431,0,13,0,0,HM011,1,-,J,J-,id:431,Mid,4,LEFT,FB,5,17-Apr,ADBM,6/7/24,0.1302,,,,0.0424,17
id432,0,7,0,0,HM011,2,-,J,J-,id:432,Mid,5,LEFT,FB,6,17-Apr,ADBM,6/7/24,0.1935,,,,0.0482,14
id433,0,32,0,0,HM011,3,-,J,J-,id:433,Mid,3,LEFT,FB,9,17-Apr,ADBM,6/7/24,0.0967,,,,0.0542,23
id434,0,27,0,0,HM011,4,-,J,J-,id:434,Mid,6,LEFT,FB,10,17-Apr,ADBM,6/7/24,0.3349,,,,0.0678,16
id435,0,28,0,0,HM011,5,-,J,J-,id:435,Mid,2,LEFT,FB,12,17-Apr,ADBM,6/7/24,0.304,,,,0.0839,17
id437,0,24,0,0,HM011,7,-,J,J-,id:437,Mid,2,LEFT,FB,2,17-Apr,ADBM,6/7/24,0.2737,,,,0.045,25
id438,10,18,1,11,HM011,1,+,J,J+,id:438,Top,4,RIGHT,MD,5,19-Apr,AC,5/31/24,0.1982,,,,0.055,24
id439,5,2,0,5,HM011,2,+,J,J+,id:439,Top,5,RIGHT,MD,6,19-Apr,AC,5/31/24,0.1652,,,,0.0457,25
id440,4,64,1,5,HM011,3,+,J,J+,id:440,Top,3,RIGHT,MD,9,19-Apr,ADBM,5/31/24,0.0575,,,,0.0282,23
id441,10,49,0,10,HM011,4,+,J,J+,id:441,Top,6,RIGHT,MD,10,19-Apr,ADBM,5/31/24,0.1128,,,,0.0531,31
id442,9,41,2,11,HM011,5,+,J,J+,id:442,Top,2,RIGHT,MD,12,19-Apr,ADBM,5/31/24,0.0314,,,,0.0218,28
id443,4,14,1,5,HM011,6,+,J,J+,id:443,Top,7,RIGHT,MD,3,19-Apr,ADBM,5/31/24,0.2318,,,,0.0558,21
id444,5,35,2,7,HM011,7,+,J,J+,id:444,Top,2,RIGHT,MD,2,19-Apr,ADBM,5/31/24,0.0696,,,,0.036,17
id445,1,61,2,3,HM011,1,+,I,I+,id:445,Bot,5,RIGHT,MD,5,18-Apr,CYC,5/31/24,0.0406,,,,0.0219,18
id446,1,71,2,3,HM011,2,+,I,I+,id:446,Bot,4,RIGHT,MD,6,18-Apr,EY,5/31/24,0.0361,,,,0.0244,19
id447,3,29,1,4,HM011,3,+,I,I+,id:447,Bot,6,RIGHT,MD,9,18-Apr,ADBM,5/31/24,0.0309,,,,0.0138,18
id448,4,33,1,5,HM011,4,+,I,I+,id:448,Bot,3,RIGHT,MD,10,18-Apr,CYC,5/31/24,0.0542,,,,0.0376,18
id449,9,16,4,13,HM011,5,+,I,I+,id:449,Bot,2,RIGHT,MD,3,18-Apr,CYC,5/31/24,0.1238,,,,0.0579,26
id450,11,23,1,12,HM011,6,+,I,I+,id:450,Bot,7,RIGHT,MD,12,18-Apr,CYC,5/31/24,0.1953,,,,0.0664,26
id451,13,46,0,13,HM011,7,+,I,I+,id:451,Bot,2,RIGHT,MD,13,18-Apr,EY,5/31/24,0.0573,,,,0.0394,27
id452,0,11,0,0,HM011,1,-,H,H-,id:452,Bot,2,RIGHT,FD,5,18-Apr,ADBM,5/31/24,0.0346,,,,0.0183,12
id453,0,79,0,0,HM011,2,-,H,H-,id:453,Bot,7,RIGHT,FD,6,18-Apr,CYC,5/31/24,0.0558,,,,0.0367,23
id454,0,13,0,0,HM011,3,-,H,H-,id:454,Bot,4,RIGHT,FD,9,18-Apr,ADBM,5/31/24,0.1852,,,,0.0639,23
id455,0,29,0,0,HM011,4,-,H,H-,id:455,Bot,5,RIGHT,FD,10,18-Apr,MC,5/31/24,0.2574,,,,0.0553,26
id456,0,9,0,0,HM011,5,-,H,H-,id:456,Bot,6,RIGHT,FD,3,18-Apr,CYC,5/31/24,0.1555,,,,0.0557,24
id457,0,38,0,0,HM011,6,-,H,H-,id:457,Bot,3,RIGHT,FD,12,18-Apr,ADBM,5/31/24,0.1216,,,,0.0618,22
id458,0,27,0,0,HM011,7,-,H,H-,id:458,Bot,6,RIGHT,FD,13,18-Apr,MC,5/31/24,0.2355,,,,0.0971,31
id459,35,21,3,38,HM071,1,+,USDA1021,A+,id:459,Top,5,LEFT,FD,5,15-Apr,ADBM,7/2/24,0.0096,,,,0.0113,13
id460,13,37,0,13,HM071,2,+,USDA1021,A+,id:460,Top,4,LEFT,FD,6,15-Apr,ADBM,7/2/24,0.019,,,,0.0118,15
id461,42,39,6,48,HM071,3,+,USDA1021,A+,id:461,Top,6,LEFT,FD,9,15-Apr,ADBM,7/2/24,0.0156,,,,0.0143,13
id462,31,57,1,32,HM071,4,+,USDA1021,A+,id:462,Top,3,LEFT,FD,10,15-Apr,ADBM,7/2/24,0.0168,,,,0.016,14
id463,36,48,2,38,HM071,5,+,USDA1021,A+,id:463,Top,2,LEFT,FD,3,15-Apr,ADBM,7/2/24,0.0211,,,,0.0147,7
id465,16,49,5,21,HM071,7,+,USDA1021,A+,id:465,Top,2,LEFT,FD,13,15-Apr,ADBM,7/2/24,0.008,,,,0.0107,4
id466,0,23,0,0,HM071,1,-,I,I-,id:466,Top,2,LEFT,FB,5,16-Apr,ADBM,5/29/24,0.0405,,,,0.0209,10
id467,0,11,0,0,HM071,2,-,I,I-,id:467,Top,7,LEFT,FB,6,16-Apr,ADBM,5/31/24,0.1145,,,,0.058,13
id468,0,25,0,0,HM071,3,-,I,I-,id:468,Top,4,LEFT,FB,9,16-Apr,ADBM,5/29/24,0.1745,,,,0.047,28
id469,0,29,0,0,HM071,4,-,I,I-,id:469,Top,5,LEFT,FB,10,16-Apr,ADBM,5/29/24,0.2267,,,,0.0773,16
id470,0,26,0,0,HM071,5,-,I,I-,id:470,Top,6,LEFT,FB,3,16-Apr,ADBM,5/29/24,0.1395,,,,0.0516,22
id471,0,23,0,0,HM071,6,-,I,I-,id:471,Top,3,LEFT,FB,12,16-Apr,ADBM,5/29/24,0.2464,,,,0.0803,23
id472,0,18,0,0,HM071,7,-,I,I-,id:472,Top,6,LEFT,FB,13,16-Apr,ADBM,5/31/24,0.1507,,,,0.0468,29
id473,0,19,0,0,HM071,1,-,J,J-,id:473,Mid,5,LEFT,FB,5,17-Apr,ADBM,6/7/24,0.2446,,,,0.0617,22
id474,0,7,0,0,HM071,2,-,J,J-,id:474,Mid,4,LEFT,FB,6,17-Apr,ADBM,6/7/24,0.2181,,,,0.076,31
id475,0,24,0,0,HM071,3,-,J,J-,id:475,Mid,6,LEFT,FB,9,17-Apr,ADBM,6/7/24,0.2564,,,,0.085,20
id476,0,15,0,0,HM071,4,-,J,J-,id:476,Mid,3,LEFT,FB,10,17-Apr,ADBM,6/7/24,0.128,,,,0.063,13
id478,0,19,0,0,HM071,6,-,J,J-,id:478,Mid,7,LEFT,FB,12,17-Apr,ADBM,6/7/24,0.1683,,,,0.0597,22
id479,0,27,0,0,HM071,7,-,J,J-,id:479,Mid,2,LEFT,FB,13,17-Apr,ADBM,6/7/24,0.2531,,,,0.0786,18
id480,3,2,1,4,HM071,1,+,J,J+,id:480,Top,5,RIGHT,MD,5,19-Apr,ADBM,5/31/24,0.1824,,,,0.0517,24
id482,10,14,9,19,HM071,3,+,J,J+,id:482,Top,6,RIGHT,MD,9,19-Apr,AC,5/31/24,0.1422,,,,0.0514,4
id483,34,26,17,51,HM071,4,+,J,J+,id:483,Top,3,RIGHT,MD,10,19-Apr,ADBM,5/31/24,0.16,,,,0.0841,22
id484,3,23,1,4,HM071,5,+,J,J+,id:484,Top,2,RIGHT,MD,3,19-Apr,ADBM,5/31/24,0.1424,,,,0.0426,33
id485,21,14,10,31,HM071,6,+,J,J+,id:485,Top,7,RIGHT,MD,12,19-Apr,AC,5/31/24,0.1549,,,,0.0534,29
id486,12,10,3,15,HM071,7,+,J,J+,id:486,Top,2,RIGHT,MD,13,19-Apr,ADBM,5/31/24,0.1518,,,,0.0504,23
id487,0,42,0,0,HM071,1,-,USDA1021,A-,id:487,Mid,5,RIGHT,MB,5,17-Apr,ADBM,6/21/24,0.0363,,,,0.0331,31
id488,0,54,0,0,HM071,2,-,USDA1021,A-,id:488,Mid,4,RIGHT,MB,6,17-Apr,ADBM,6/21/24,0.0208,,,,0.0179,40
id489,0,71,0,0,HM071,3,-,USDA1021,A-,id:489,Mid,6,RIGHT,MB,9,17-Apr,ADBM,6/21/24,0.402,,,,0.0183,40
id490,0,56,0,0,HM071,4,-,USDA1021,A-,id:490,Mid,3,RIGHT,MB,10,17-Apr,ADBM,6/21/24,0.3,,,,0.0129,40
id491,0,108,0,0,HM071,5,-,USDA1021,A-,id:491,Mid,2,RIGHT,MB,3,17-Apr,ADBM,6/21/24,0.0419,,,,0.0283,30
id492,0,76,0,0,HM071,6,-,USDA1021,A-,id:492,Mid,7,RIGHT,MB,12,17-Apr,ADBM,6/21/24,0.0249,,,,0.0156,35
id493,0,82,0,0,HM071,7,-,USDA1021,A-,id:493,Mid,2,RIGHT,MB,13,17-Apr,ADBM,6/21/24,0.0241,,,,0.0156,37
id494,6,30,0,6,HM071,1,+,I,I+,id:494,Bot,2,RIGHT,MD,5,18-Apr,CYC,5/31/24,0.0166,,,,0.0094,10
id495,36,9,9,45,HM071,2,+,I,I+,id:495,Bot,7,RIGHT,MD,6,18-Apr,CYC,5/31/24,0.1344,,,,0.0539,21
id496,20,17,9,29,HM071,3,+,I,I+,id:496,Bot,4,RIGHT,MD,9,18-Apr,CYC,5/31/24,0.1214,,,,0.0442,18
id497,19,24,8,27,HM071,4,+,I,I+,id:497,Bot,5,RIGHT,MD,10,18-Apr,MC,5/31/24,0.1729,,,,0.065,21
id498,19,17,9,28,HM071,5,+,I,I+,id:498,Bot,6,RIGHT,MD,3,18-Apr,MC,5/31/24,0.225,,,,0.066,18
id499,15,14,13,28,HM071,6,+,I,I+,id:499,Bot,3,RIGHT,MD,12,18-Apr,EY,5/31/24,0.1645,,,,0.0738,26
id500,33,5,5,38,HM071,7,+,I,I+,id:500,Bot,6,RIGHT,MD,13,18-Apr,ADBM,5/31/24,0.181,,,,0.0727,27
id502,54,56,4,58,HM170,2,+,C,C+,id:502,Bot,7,LEFT,FD,6,17-Apr,ADBM,6/7/24,0.1711,,,,0.0654,17
id503,25,71,19,44,HM170,3,+,C,C+,id:503,Bot,4,LEFT,FD,9,17-Apr,ADBM,6/7/24,0.1561,,,,0.0798,23
id504,8,62,2,10,HM170,4,+,C,C+,id:504,Bot,5,LEFT,FD,10,17-Apr,ADBM,6/7/24,0.075,,,,0.0596,11
id505,31,63,19,50,HM170,5,+,C,C+,id:505,Bot,6,LEFT,FD,3,17-Apr,ADBM,6/7/24,0.1682,,,,0.0765,20
id506,33,48,10,43,HM170,6,+,C,C+,id:506,Bot,3,LEFT,FD,12,17-Apr,ADBM,6/7/24,0.1341,,,,0.056,21
id507,27,16,7,34,HM170,7,+,C,C+,id:507,Bot,6,LEFT,FD,13,17-Apr,EY,6/7/24,0.2572,,,,0.0775,20
id508,10,74,2,12,HM170,8,+,C,C+,id:508,Bot,3,LEFT,FD,2,17-Apr,ADBM,6/7/24,0.2199,,,,0.0768,27
id509,0,80,0,0,HM170,1,-,C,C-,id:509,Top,2,RIGHT,MB,5,17-Apr,MC,6/10/24,0.0795,,,,0.048,23
id510,0,49,0,0,HM170,2,-,C,C-,id:510,Top,7,RIGHT,MB,6,17-Apr,ADBM,6/10/24,0.1305,,,,0.0783,36
id511,0,49,0,0,HM170,3,-,C,C-,id:511,Top,4,RIGHT,MB,9,17-Apr,MC,6/10/24,0.0464,,,,0.0292,21
id512,0,22,0,0,HM170,4,-,C,C-,id:512,Top,5,RIGHT,MB,10,17-Apr,ADBM,6/10/24,0.145,,,,0.0569,17
id513,0,40,0,0,HM170,5,-,C,C-,id:513,Top,6,RIGHT,MB,3,17-Apr,ADBM,6/10/24,0.121,,,,0.0671,27
id514,0,98,0,0,HM170,6,-,C,C-,id:514,Top,3,RIGHT,MB,12,17-Apr,ADBM,6/10/24,0.0707,,,,0.042,15
id515,0,46,0,0,HM170,7,-,C,C-,id:515,Top,6,RIGHT,MB,13,17-Apr,MC,6/10/24,0.0529,,,,0.0387,26
id516,18,47,8,26,HM097,1,+,USDA1021,A+,id:516,Top,2,LEFT,FD,5,15-Apr,ADBM,7/2/24,0.0991,,,,0.0537,19
id517,6,28,8,14,HM097,2,+,USDA1021,A+,id:517,Top,7,LEFT,FD,6,15-Apr,ADBM,7/2/24,0.0916,,,,0.0402,22
id518,16,28,4,20,HM097,3,+,USDA1021,A+,id:518,Top,4,LEFT,FD,9,15-Apr,ADBM,7/2/24,0.1609,,,,0.069,34
id519,18,30,8,26,HM097,4,+,USDA1021,A+,id:519,Top,5,LEFT,FD,10,15-Apr,ADBM,7/2/24,0.1041,,,,0.0593,28
id520,17,46,3,20,HM097,5,+,USDA1021,A+,id:520,Top,6,LEFT,FD,3,15-Apr,ADBM,7/2/24,0.1066,,,,0.0457,NA
id521,22,33,7,29,HM097,6,+,USDA1021,A+,id:521,Top,3,LEFT,FD,12,15-Apr,ADBM,7/2/24,0.0622,,,,0.041,21
id522,22,21,2,24,HM097,1,+,H,H+,id:522,Mid,7,LEFT,MB,5,17-Apr,ADBM,5/31/24,0.0636,,,,0.0347,25
id523,22,57,9,31,HM097,2,+,H,H+,id:523,Mid,2,LEFT,MB,6,16-Apr,ADBM,5/30/24,0.1017,,,,0.0685,22
id524,18,43,8,26,HM097,3,+,H,H+,id:524,Mid,5,LEFT,MB,9,17-Apr,ADBM,5/31/24,0.0563,,,,0.0492,20
id525,28,36,3,31,HM097,4,+,H,H+,id:525,Mid,4,LEFT,MB,10,16-Apr,EY,5/30/24,0.0464,,,,0.0351,20
id526,19,32,8,27,HM097,5,+,H,H+,id:526,Mid,6,LEFT,MB,12,17-Apr,ADBM,5/31/24,0.1058,,,,0.0709,18
id527,18,44,4,22,HM097,6,+,H,H+,id:527,Mid,3,LEFT,MB,3,16-Apr,ADBM,5/30/24,0.0808,,,,0.0326,17
id528,14,15,15,29,HM097,1,+,C,C+,id:528,Bot,7,LEFT,FD,5,17-Apr,EY,6/7/24,0.2499,,,,0.0863,22
id529,16,19,8,24,HM097,2,+,C,C+,id:529,Bot,2,LEFT,FD,6,17-Apr,ADBM,6/7/24,0.0789,,,,0.0531,33
id530,13,16,2,15,HM097,3,+,C,C+,id:530,Bot,5,LEFT,FD,9,17-Apr,ADBM,6/7/24,0.2125,,,,0.0783,17
id531,NA,NA,NA,NA,HM097,4,+,C,C+,id:531,Bot,4,LEFT,FD,10,17-Apr,ADBM,6/7/24,0.1406,,,,0.0669,28
id531plant1,17,18,6,23,HM097,4,+,C,C+,id:531,Bot,4,LEFT,FD,10,17-Apr,ADBM,NA,NA,NA,NA,NA,NA,NA
id531plant2,5,8,1,6,HM097,4,+,C,C+,id:531,Bot,4,LEFT,FD,10,17-Apr,ADBM,NA,NA,NA,NA,NA,NA,NA
id531plant3,2,2,0,2,HM097,4,+,C,C+,id:531,Bot,4,LEFT,FD,10,17-Apr,ADBM,NA,NA,NA,NA,NA,NA,NA
id532,12,27,5,17,HM097,5,+,C,C+,id:532,Bot,6,LEFT,FD,12,17-Apr,ADBM,6/7/24,0.1275,,,,0.0645,30
id533,15,16,5,20,HM097,6,+,C,C+,id:533,Bot,3,LEFT,FD,3,17-Apr,ADBM,6/7/24,0.1661,,,,0.0652,24
id534,0,29,0,0,HM097,1,-,C,C-,id:534,Top,7,RIGHT,MB,5,17-Apr,MC,6/10/24,0.076,,,,0.0553,23
id535,0,12,0,0,HM097,2,-,C,C-,id:535,Top,2,RIGHT,MB,6,17-Apr,ADBM,6/10/24,0.0748,,,,0.0567,15
id536,0,14,0,0,HM097,3,-,C,C-,id:536,Top,5,RIGHT,MB,9,17-Apr,ADBM,6/10/24,0.1021,,,,0.0556,39
id537,0,11,0,0,HM097,4,-,C,C-,id:537,Top,4,RIGHT,MB,10,17-Apr,ADBM,6/10/24,0.1254,,,,0.0719,28
id538,0,15,0,0,HM097,5,-,C,C-,id:538,Top,6,RIGHT,MB,12,17-Apr,ADBM,6/10/24,0.0913,,,,0.0603,18
id539,0,24,0,0,HM097,6,-,C,C-,id:539,Top,3,RIGHT,MB,3,17-Apr,CYC,6/10/24,0.047,,,,0.0418,20
id540,0,20,0,0,HM097,1,-,USDA1021,A-,id:540,Mid,2,RIGHT,MB,5,17-Apr,ADBM,6/21/24,0.2015,,,,0.0502,20
id541,0,7,0,0,HM097,2,-,USDA1021,A-,id:541,Mid,7,RIGHT,MB,6,17-Apr,ADBM,6/21/24,0.2511,,,,0.0606,31
id542,0,14,0,0,HM097,3,-,USDA1021,A-,id:542,Mid,4,RIGHT,MB,9,17-Apr,ADBM,6/21/24,0.2618,,,,0.095,36
id543,0,19,0,0,HM097,4,-,USDA1021,A-,id:543,Mid,5,RIGHT,MB,10,17-Apr,ADBM,6/21/24,0.1419,,,,0.0525,34
id544,0,23,0,0,HM097,5,-,USDA1021,A-,id:544,Mid,6,RIGHT,MB,3,17-Apr,ADBM,6/21/24,0.1455,,,,0.0363,22
id545,0,6,0,0,HM097,6,-,USDA1021,A-,id:545,Mid,3,RIGHT,MB,12,17-Apr,ADBM,6/21/24,0.1151,,,,0.0423,27
id547,0,62,0,0,HM097,2,-,H,H-,id:547,Bot,2,RIGHT,FD,6,18-Apr,ADBM,5/31/24,0.0765,,,,0.0717,15
id548,0,29,0,0,HM097,3,-,H,H-,id:548,Bot,5,RIGHT,FD,9,18-Apr,CYC,5/31/24,0.1778,,,,0.1024,24
id549,0,32,0,0,HM097,4,-,H,H-,id:549,Bot,4,RIGHT,FD,10,18-Apr,ADBM,5/31/24,0.1573,,,,0.0943,23
id550,0,12,0,0,HM097,5,-,H,H-,id:550,Bot,6,RIGHT,FD,12,18-Apr,ADBM,5/31/24,0.1857,,,,0.0702,32
id551,0,25,0,0,HM097,6,-,H,H-,id:551,Bot,3,RIGHT,FD,3,18-Apr,ADBM,5/31/24,0.15,,,,0.0975,28
id552,43,26,15,58,HM044,1,+,USDA1021,A+,id:552,Top,7,LEFT,FD,5,15-Apr,ADBM,7/2/24,0.2453,,,,0.0655,26
id553,15,29,1,16,HM044,2,+,USDA1021,A+,id:553,Top,2,LEFT,FD,6,15-Apr,ADBM,7/2/24,0.0746,,,,0.0384,19
id554,36,30,8,44,HM044,3,+,USDA1021,A+,id:554,Top,5,LEFT,FD,9,15-Apr,ADBM,7/2/24,0.149,,,,0.0554,16
id555,5,13,3,8,HM044,4,+,USDA1021,A+,id:555,Top,4,LEFT,FD,10,15-Apr,ADBM,7/2/24,0.1438,,,,0.0341,12
id556,39,30,3,42,HM044,5,+,USDA1021,A+,id:556,Top,6,LEFT,FD,12,15-Apr,ADBM,7/2/24,0.0556,,,,0.0308,16
id557,29,33,6,35,HM044,6,+,USDA1021,A+,id:557,Top,3,LEFT,FD,3,15-Apr,ADBM,7/2/24,0.2239,,,,0.0632,21
id558,0,16,0,0,HM044,1,-,USDA1021,A-,id:558,Mid,7,RIGHT,MB,5,17-Apr,ADBM,6/21/24,0.1775,,,,0.053,30
id559,0,16,0,0,HM044,2,-,USDA1021,A-,id:559,Mid,2,RIGHT,MB,6,17-Apr,ADBM,6/21/24,0.2373,,,,0.0678,26
id560,0,20,0,0,HM044,3,-,USDA1021,A-,id:560,Mid,5,RIGHT,MB,9,17-Apr,ADBM,6/21/24,0.1883,,,,0.0436,21
id561,0,9,0,0,HM044,4,-,USDA1021,A-,id:561,Mid,4,RIGHT,MB,10,17-Apr,ADBM,6/21/24,0.1433,,,,0.0508,29
id562,0,11,0,0,HM044,5,-,USDA1021,A-,id:562,Mid,6,RIGHT,MB,12,17-Apr,ADBM,6/21/24,0.2519,,,,0.0948,18
id563,0,15,0,0,HM044,6,-,USDA1021,A-,id:563,Mid,3,RIGHT,MB,3,17-Apr,ADBM,6/21/24,0.2348,,,,0.077,34
id564,0,22,0,0,HM044,1,-,WSM1022,B-,id:564,Bot,5,RIGHT,MB,5,18-Apr,ADBM,6/21/24,0.0998,,,,0.0669,31
id566,0,19,0,0,HM044,3,-,WSM1022,B-,id:566,Bot,6,RIGHT,MB,9,18-Apr,ADBM,6/21/24,0.1567,,,,0.0812,32
id568,0,13,0,0,HM044,5,-,WSM1022,B-,id:568,Bot,2,RIGHT,MB,3,18-Apr,ADBM,6/21/24,0.1351,,,,0.0775,27
id569,0,7,0,0,HM044,6,-,WSM1022,B-,id:569,Bot,7,RIGHT,MB,12,18-Apr,ADBM,6/21/24,0.1392,,,,0.056,34
id570,69,13,5,74,HM148,1,+,G,G+,id:570,Top,7,LEFT,MB,5,16-Apr,ADBM,5/31/24,0.0711,,,,0.0373,12
id573,11,7,4,15,HM148,4,+,G,G+,id:573,Top,4,LEFT,MB,10,16-Apr,ADBM,5/29/24,0.0469,,,,0.0165,14
id574,28,9,1,29,HM148,5,+,G,G+,id:574,Top,6,LEFT,MB,12,16-Apr,ADBM,5/31/24,0.0456,,,,0.0186,9
id575,9,10,0,9,HM148,6,+,G,G+,id:575,Top,3,LEFT,MB,3,15-Apr,ADBM,5/29/24,0.0547,,,,0.0244,17
id576,16,11,1,17,HM148,1,+,WSM1022,B+,id:576,Mid,7,LEFT,FD,5,16-Apr,ADBM,5/29/24,0.0112,,,,0.0065,3
id577,9,24,11,20,HM148,2,+,WSM1022,B+,id:577,Mid,2,LEFT,FD,6,16-Apr,ADBM,5/29/24,0.1566,,,,0.049,29
id578,7,7,10,17,HM148,3,+,WSM1022,B+,id:578,Mid,5,LEFT,FD,9,16-Apr,ADBM,5/29/24,0.1247,,,,0.0434,30
id579,28,16,0,28,HM148,4,+,WSM1022,B+,id:579,Mid,4,LEFT,FD,10,16-Apr,ADBM,5/29/24,0.0312,,,,0.0078,9
id580,29,32,9,38,HM148,5,+,WSM1022,B+,id:580,Mid,6,LEFT,FD,12,16-Apr,ADBM,5/29/24,0.107,,,,0.0306,19
id581,0,18,0,0,HM148,1,-,G,G-,id:581,Mid,7,RIGHT,FD,5,18-Apr,CYC,6/12/24,0.2049,,,,0.0523,30
id583,0,12,0,0,HM148,3,-,G,G-,id:583,Mid,5,RIGHT,FD,9,18-Apr,CYC,6/12/24,0.0189,,,,0.0074,18
id584,0,7,0,0,HM148,4,-,G,G-,id:584,Mid,4,RIGHT,FD,10,18-Apr,ADBM,6/12/24,0.0569,,,,0.0325,15
id585,0,35,0,0,HM148,5,-,G,G-,id:585,Mid,6,RIGHT,FD,12,18-Apr,CYC,6/12/24,0.1998,,,,0.0696,20
id586,0,15,0,0,HM148,1,-,WSM1022,B-,id:586,Bot,7,RIGHT,MB,5,18-Apr,ADBM,6/21/24,0.159,,,,0.033,35
id587,0,11,0,0,HM148,2,-,WSM1022,B-,id:587,Bot,2,RIGHT,MB,6,18-Apr,ADBM,6/21/24,0.1535,,,,0.0538,NA
id588,0,2,0,0,HM148,3,-,WSM1022,B-,id:588,Bot,5,RIGHT,MB,9,18-Apr,ADBM,6/21/24,0.0177,,,,0.0087,11
id589,0,27,0,0,HM148,4,-,WSM1022,B-,id:589,Bot,4,RIGHT,MB,10,18-Apr,ADBM,6/21/24,0.0601,,,,0.0293,20
id590,0,6,0,0,HM148,5,-,WSM1022,B-,id:590,Bot,6,RIGHT,MB,12,18-Apr,ADBM,6/21/24,0.0699,,,,0.0174,18
id591,8,25,2,10,HM001,1,+,USDA1021,A+,id:591,Top,3,LEFT,FD,5,15-Apr,ADBM,7/2/24,0.2366,,,,0.0649,11
id592,1,17,4,5,HM001,2,+,USDA1021,A+,id:592,Top,6,LEFT,FD,6,15-Apr,ADBM,7/2/24,0.0956,,,,0.0331,16
id593,5,31,0,5,HM001,3,+,USDA1021,A+,id:593,Top,2,LEFT,FD,9,15-Apr,ADBM,7/2/24,0.2573,,,,0.0643,11
id594,2,11,0,2,HM001,4,+,USDA1021,A+,id:594,Top,7,LEFT,FD,10,15-Apr,ADBM,7/2/24,0.092,,,,0.0441,19
id595,2,18,3,5,HM001,5,+,USDA1021,A+,id:595,Top,4,LEFT,FD,12,15-Apr,ADBM,7/2/24,0.1624,,,,0.0512,12
id596,11,16,3,14,HM001,6,+,USDA1021,A+,id:596,Top,5,LEFT,FD,3,15-Apr,ADBM,7/2/24,0.2574,,,,0.0479,16
id597,0,49,0,0,HM001,1,-,D,D-,id:597,Top,3,LEFT,MD,5,15-Apr,ADBM,,0.0488,,,,0.0376,17
id598,0,34,0,0,HM001,2,-,D,D-,id:598,Top,6,LEFT,MD,6,15-Apr,ADBM,,0.1229/0.0354/0.0881 ,,,,0.028,22
id599,0,10,0,0,HM001,3,-,D,D-,id:599,Top,2,LEFT,MD,9,15-Apr,ADBM,,0.0076,,,,0.0045,11
id600,0,33,0,0,HM001,4,-,D,D-,id:600,Top,7,LEFT,MD,10,15-Apr,ADBM,,0.6544,,,,0.0438,15
id601,0,34,0,0,HM001,5,-,D,D-,id:601,Top,4,LEFT,MD,12,15-Apr,ADBM,,0.0855,,,,0.0656,19
id602,0,31,0,0,HM001,6,-,D,D-,id:602,Top,5,LEFT,MD,3,15-Apr,ADBM,,0.0723,,,,0.0684,12
id603,3,10,3,6,HM001,1,+,G,G+,id:603,Top,3,LEFT,MB,5,15-Apr,ADBM,5/29/24,0.0585,,,,0.032,14
id604,14,28,4,18,HM001,2,+,G,G+,id:604,Top,6,LEFT,MB,6,16-Apr,ADBM,5/29/24,0.1154,,,,0.0596,18
id605,8,22,1,9,HM001,3,+,G,G+,id:605,Top,2,LEFT,MB,9,15-Apr,ADBM,5/29/24,0.0476,,,,0.0314,18
id606,6,40,2,8,HM001,4,+,G,G+,id:606,Top,7,LEFT,MB,10,16-Apr,ADBM,5/31/24,0.1138,,,,0.0585,10
id608,4,50,0,4,HM001,6,+,G,G+,id:608,Top,5,LEFT,MB,3,16-Apr,ADBM,5/29/24,0.0612,,,,0.0377,14
id609,0,14,0,0,HM001,1,-,USDA1021,A-,id:609,Mid,3,RIGHT,MB,5,17-Apr,ADBM,6/21/24,0.1352,,,,0.052,31
id612,0,6,0,0,HM001,4,-,USDA1021,A-,id:612,Mid,7,RIGHT,MB,10,17-Apr,ADBM,6/21/24,0.1599,,,,0.0548,24
id613,0,10,0,0,HM001,5,-,USDA1021,A-,id:613,Mid,4,RIGHT,MB,12,17-Apr,ADBM,6/21/24,0.2579,,,,0.0727,21
id614,0,18,0,0,HM001,6,-,USDA1021,A-,id:614,Mid,5,RIGHT,MB,3,17-Apr,ADBM,6/21/24,0.1136,,,,0.0815,17
id615,0,14,0,0,HM001,1,-,G,G-,id:615,Mid,3,RIGHT,FD,5,18-Apr,ADBM,6/12/24,0.1961,,,,0.0349,NA
id616,0,21,0,0,HM001,2,-,G,G-,id:616,Mid,6,RIGHT,FD,6,18-Apr,ADBM,6/12/24,0.0546,,,,0.0319,19
id617,0,8,0,0,HM001,3,-,G,G-,id:617,Mid,2,RIGHT,FD,9,18-Apr,CYC,6/12/24,0.173,,,,0.0765,27
id618,0,35,0,0,HM001,4,-,G,G-,id:618,Mid,7,RIGHT,FD,10,18-Apr,CYC,6/12/24,0.1687,,,,0.0722,19
id619,0,42,0,0,HM001,5,-,G,G-,id:619,Mid,4,RIGHT,FD,12,18-Apr,CYC,6/12/24,0.1255,,,,0.0577,24
id620,0,25,0,0,HM001,6,-,G,G-,id:620,Mid,5,RIGHT,FD,3,18-Apr,ADBM,6/12/24,0.0859,,,,0.0449,29
id621,5,8,8,13,HM001,1,+,D,D+,id:621,Bot,3,RIGHT,FB,5,18-Apr,ADBM,5/31/24,0.19,,,,0.0488,25
id622,33,12,16,49,HM001,2,+,D,D+,id:622,Bot,6,RIGHT,FB,6,18-Apr,ADBM,5/31/24,0.1994,,,,0.0861,17
id623,0,2,1,1,HM001,3,+,D,D+,id:623,Bot,2,RIGHT,FB,9,18-Apr,ADBM,5/31/24,0.1376,,,,0.0326,26
id624,7,10,2,9,HM001,4,+,D,D+,id:624,Bot,7,RIGHT,FB,10,18-Apr,ADBM,5/31/24,0.189,,,,0.0677,23
id625,4,9,3,7,HM001,5,+,D,D+,id:625,Bot,4,RIGHT,FB,12,18-Apr,ADBM,5/31/24,0.1346,,,,0.0476,27
id626,9,4,1,10,HM001,6,+,D,D+,id:626,Bot,5,RIGHT,FB,3,18-Apr,ADBM,5/31/24,0.1898,,,,0.0632,37
id627,11,22,1,12,HM001,7,+,D,D+,id:627,Bot,4,RIGHT,FB,2,18-Apr,ADBM,5/31/24,0.2086,,,,0.06,24
id628,8,13,3,11,HM001,8,+,D,D+,id:628,Bot,5,RIGHT,FB,13,18-Apr,ADBM,5/31/24,0.1021,,,,0.0427,26
id629,0,20,0,0,HM065,1,-,I,I-,id:629,Top,3,LEFT,FB,5,16-Apr,ADBM,5/29/24,0.0094,,,,0.0142,4
id630,0,76,0,0,HM065,2,-,I,I-,id:630,Top,6,LEFT,FB,6,16-Apr,ADBM,5/29/24,0.0367,,,,0.0522,17
id631,0,78,0,0,HM065,3,-,I,I-,id:631,Top,2,LEFT,FB,9,16-Apr,ADBM,5/29/24,0.0606,,,,0.0328,14
id632,0,48,0,0,HM065,4,-,I,I-,id:632,Top,7,LEFT,FB,10,16-Apr,ADBM,5/31/24,0.0776,,,,0.0479,19
id633,0,32,0,0,HM065,5,-,I,I-,id:633,Top,4,LEFT,FB,12,16-Apr,ADBM,5/29/24,0.055,,,,0.0473,15
id635,0,112,0,0,HM065,7,-,I,I-,id:635,Top,4,LEFT,FB,2,16-Apr,ADBM,5/29/24,0.0435,,,,0.0588,13
id636,37,36,13,50,HM065,1,+,WSM1022,B+,id:636,Mid,3,LEFT,FD,5,16-Apr,ADBM,5/29/24,0.0815,,,,0.0495,20
id637,23,6,3,26,HM065,2,+,WSM1022,B+,id:637,Mid,6,LEFT,FD,6,16-Apr,ADBM,5/29/24,0.0206,,,,0.0081,11
id638,73,64,11,84,HM065,3,+,WSM1022,B+,id:638,Mid,2,LEFT,FD,9,16-Apr,ADBM,5/29/24,0.0536,,,,0.0428,22
id639,23,54,5,28,HM065,4,+,WSM1022,B+,id:639,Mid,7,LEFT,FD,10,16-Apr,ADBM,5/29/24,0.1275,,,,0.0598,16
id641,33,42,11,44,HM065,6,+,WSM1022,B+,id:641,Mid,5,LEFT,FD,3,16-Apr,ADBM,5/29/24,0.1104,,,,0.0568,16
id642,7,45,1,8,HM065,7,+,WSM1022,B+,id:642,Mid,4,LEFT,FD,2,16-Apr,ADBM,5/29/24,0.0401,,,,0.0312,15
id643,0,46,0,0,HM065,1,-,F,F-,id:643,Bot,7,LEFT,MD,5,17-Apr,ADBM,6/7/24,0.0479,,,,0.0398,18
id644,0,26,0,0,HM065,2,-,F,F-,id:644,Bot,2,LEFT,MD,6,17-Apr,ADBM,6/10/24,0.0239,,,,0.0187,18
id645,0,73,0,0,HM065,3,-,F,F-,id:645,Bot,5,LEFT,MD,9,17-Apr,ADBM,6/7/24,0.0572,,,,0.0475,23
id646,0,36,0,0,HM065,4,-,F,F-,id:646,Bot,4,LEFT,MD,10,17-Apr,EY,6/10/24,0.0443,,,,0.0404,22
id648,0,87,0,0,HM065,6,-,F,F-,id:648,Bot,3,LEFT,MD,3,17-Apr,ADBM,6/10/24,0.0447,,,,0.0548,16
id649,0,65,0,0,HM065,7,-,F,F-,id:649,Bot,6,LEFT,MD,2,17-Apr,EY,6/7/24,0.0376,,,,0.024,22
id650,38,6,4,42,HM065,1,+,F,F+,id:650,Mid,7,RIGHT,FB,5,19-Apr,ADBM,5/31/24,0.108,,,,0.036,15
id651,17,3,2,19,HM065,2,+,F,F+,id:651,Mid,2,RIGHT,FB,6,19-Apr,EY,5/31/24,0.0079,,,,0.0053,5
id652,57,29,3,60,HM065,3,+,F,F+,id:652,Mid,5,RIGHT,FB,9,19-Apr,ADBM,5/31/24,0.0339,,,,0.034,40
id653,3,15,6,9,HM065,4,+,F,F+,id:653,Mid,4,RIGHT,FB,10,19-Apr,CYC,5/31/24,0.0233,,,,0.0156,20
id654,56,11,6,62,HM065,5,+,F,F+,id:654,Mid,6,RIGHT,FB,12,19-Apr,MC,5/31/24,0.0244,,,,0.0228,22
id655,43,37,4,47,HM065,6,+,F,F+,id:655,Mid,3,RIGHT,FB,3,19-Apr,EY,5/31/24,0.022,,,,0.0254,10
id656,0,81,0,0,HM065,1,-,WSM1022,B-,id:656,Bot,3,RIGHT,MB,5,18-Apr,ADBM,6/21/24,0.0603,,,,0.0583,91
id658,0,49,0,0,HM065,3,-,WSM1022,B-,id:658,Bot,2,RIGHT,MB,9,18-Apr,ADBM,6/21/24,0.0442,,,,0.0362,46
id659,0,85,0,0,HM065,4,-,WSM1022,B-,id:659,Bot,7,RIGHT,MB,10,18-Apr,ADBM,6/21/24,0.0528,,,,0.0387,34
id660,0,47,0,0,HM065,5,-,WSM1022,B-,id:660,Bot,4,RIGHT,MB,12,18-Apr,ADBM,6/21/24,0.0388,,,,0.0244,32
id661,0,46,0,0,HM065,6,-,WSM1022,B-,id:661,Bot,5,RIGHT,MB,3,18-Apr,ADBM,6/21/24,0.0368,,,,0.0265,36
id662,0,18,0,0,HM065,7,-,WSM1022,B-,id:662,Bot,4,RIGHT,MB,2,18-Apr,ADBM,6/21/24,0.0279,,,,0.0314,42
id663,7,7,0,7,HM084,1,+,USDA1021,A+,id:663,Top,6,LEFT,FD,5,15-Apr,ADBM,7/2/24,0.157,,,,0.0383,14
id664,6,8,2,8,HM084,2,+,USDA1021,A+,id:664,Top,3,LEFT,FD,6,15-Apr,ADBM,7/2/24,0.0684,,,,0.0191,16
id665,9,30,2,11,HM084,3,+,USDA1021,A+,id:665,Top,7,LEFT,FD,9,15-Apr,ADBM,7/2/24,0.3032,,,,0.0571,19
id666,10,21,1,11,HM084,4,+,USDA1021,A+,id:666,Top,2,LEFT,FD,10,15-Apr,ADBM,7/2/24,0.0411,,,,0.0188,14
id667,6,6,9,15,HM084,5,+,USDA1021,A+,id:667,Top,4,LEFT,FD,3,15-Apr,ADBM,7/2/24,0.1655,,,,0.0373,13
id668,9,41,5,14,HM084,6,+,USDA1021,A+,id:668,Top,5,LEFT,FD,12,15-Apr,ADBM,7/2/24,0.1207,,,,0.0367,19
id669,0,13,0,0,HM084,1,-,E,E-,id:669,Mid,3,LEFT,MD,5,16-Apr,ADBM,5/30/24,0.1666,,,,0.0575,25
id670,0,16,0,0,HM084,2,-,E,E-,id:670,Mid,6,LEFT,MD,6,16-Apr,EY,5/30/24,0.1734,,,,0.0541,17
id671,0,9,0,0,HM084,3,-,E,E-,id:671,Mid,2,LEFT,MD,9,16-Apr,EY,5/30/24,0.1128,,,,0.041,27
id672,0,20,0,0,HM084,4,-,E,E-,id:672,Mid,7,LEFT,MD,10,16-Apr,EY,5/30/24,0.2716,,,,0.0844,20
id673,0,40,0,0,HM084,5,-,E,E-,id:673,Mid,4,LEFT,MD,12,16-Apr,ADBM,5/30/24,0.0785,,,,0.0333,17
id674,0,7,0,0,HM084,6,-,E,E-,id:674,Mid,5,LEFT,MD,3,16-Apr,EY,5/30/24,0.2589,,,,0.055,21
id675,0,27,0,0,HM084,1,-,J,J-,id:675,Mid,7,LEFT,FB,5,17-Apr,ADBM,6/7/24,0.1849,,,,0.0587,25
id676,0,23,0,0,HM084,2,-,J,J-,id:676,Mid,2,LEFT,FB,6,17-Apr,ADBM,6/7/24,0.232,,,,0.0606,14
id677,0,13,0,0,HM084,3,-,J,J-,id:677,Mid,5,LEFT,FB,9,17-Apr,ADBM,6/7/24,0.269,,,,0.063,27
id678,0,1,0,0,HM084,4,-,J,J-,id:678,Mid,4,LEFT,FB,10,17-Apr,ADBM,6/7/24,0.1977,,,,0.0651,29
id679,0,7,0,0,HM084,5,-,J,J-,id:679,Mid,6,LEFT,FB,12,17-Apr,ADBM,6/7/24,0.19,,,,0.046,19
id680,0,15,0,0,HM084,6,-,J,J-,id:680,Mid,3,LEFT,FB,3,17-Apr,ADBM,6/7/24,0.1197,,,,0.05,16
id681,17,7,3,20,HM084,1,+,E,E+,id:681,Top,3,RIGHT,FB,5,17-Apr,EY,6/10/24,0.1078,,,,0.0275,19
id682,12,17,8,20,HM084,2,+,E,E+,id:682,Top,6,RIGHT,FB,6,17-Apr,CYC,6/10/24,0.1548,,,,0.0417,21
id683,32,20,6,38,HM084,3,+,E,E+,id:683,Top,2,RIGHT,FB,9,17-Apr,ADBM,6/10/24,0.0516,,,,0.0317,22
id684,15,8,4,19,HM084,4,+,E,E+,id:684,Top,7,RIGHT,FB,10,17-Apr,ADBM,6/10/24,0.126,,,,0.0282,14
id685,24,47,0,24,HM084,5,+,E,E+,id:685,Top,4,RIGHT,FB,12,17-Apr,ADBM,6/10/24,0.0624,,,,0.0339,24
id686,9,4,2,11,HM084,6,+,E,E+,id:686,Top,5,RIGHT,FB,3,17-Apr,EY,6/10/24,0.1264,,,,0.0305,15
id687,6,1,1,7,HM084,1,+,J,J+,id:687,Top,7,RIGHT,MD,5,19-Apr,AC,5/31/24,0.0505,,,,0.0116,8
id688,18,20,1,19,HM084,2,+,J,J+,id:688,Top,2,RIGHT,MD,6,19-Apr,ADBM,5/31/24,0.067,,,,0.0306,28
id689,6,11,5,11,HM084,3,+,J,J+,id:689,Top,5,RIGHT,MD,9,19-Apr,AC,5/31/24,0.2551,,,,0.0541,22
id690,11,0,4,15,HM084,4,+,J,J+,id:690,Top,4,RIGHT,MD,10,19-Apr,AC,5/31/24,0.1244,,,,0.0426,17
id691,12,13,2,14,HM084,5,+,J,J+,id:691,Top,6,RIGHT,MD,12,19-Apr,ADBM,5/31/24,0.1372,,,,0.0418,10
id692,18,5,2,20,HM084,6,+,J,J+,id:692,Top,3,RIGHT,MD,3,19-Apr,ADBM,5/31/24,0.1139,,,,0.0382,20
id694,0,11,0,0,HM084,2,-,USDA1021,A-,id:694,Mid,3,RIGHT,MB,6,17-Apr,ADBM,6/21/24,0.0927,,,,0.0247,13
id695,0,14,0,0,HM084,3,-,USDA1021,A-,id:695,Mid,7,RIGHT,MB,9,17-Apr,ADBM,6/21/24,0.3268,,,,0.0635,27
id696,0,16,0,0,HM084,4,-,USDA1021,A-,id:696,Mid,2,RIGHT,MB,10,17-Apr,ADBM,6/21/24,0.2262,,,,0.0627,37
id698,0,10,0,0,HM084,6,-,USDA1021,A-,id:698,Mid,5,RIGHT,MB,12,17-Apr,ADBM,6/21/24,0.147,,,,0.0381,24
id699,0,25,0,0,HM086,1,-,J,J-,id:699,Mid,3,LEFT,FB,5,17-Apr,ADBM,6/7/24,0.0559,,,,0.0319,18
id700,0,2,0,0,HM086,2,-,J,J-,id:700,Mid,6,LEFT,FB,6,17-Apr,ADBM,6/7/24,0.0959,,,,0.0376,23
id702,0,29,0,0,HM086,4,-,J,J-,id:702,Mid,7,LEFT,FB,10,17-Apr,ADBM,6/7/24,0.1073,,,,0.0427,13
id703,0,4,0,0,HM086,5,-,J,J-,id:703,Mid,4,LEFT,FB,12,17-Apr,ADBM,6/7/24,0.0628,,,,0.0456,25
id705,0,28,0,0,HM086,7,-,J,J-,id:705,Mid,4,LEFT,FB,2,17-Apr,ADBM,6/7/24,0.0298,,,,0.02,19
id706,0,8,0,0,HM086,8,-,J,J-,id:706,Mid,5,LEFT,FB,13,17-Apr,ADBM,6/7/24,0.01101,,,,0.0514,11
id707,51,4,5,56,HM086,1,+,C,C+,id:707,Bot,3,LEFT,FD,5,17-Apr,ADBM,6/7/24,0.0195,,,,0.0237,11
id709,54,13,5,59,HM086,3,+,C,C+,id:709,Bot,2,LEFT,FD,9,17-Apr,ADBM,6/7/24,0.0266,,,,0.029,14
id710,13,13,8,21,HM086,4,+,C,C+,id:710,Bot,7,LEFT,FD,10,17-Apr,EY,6/7/24,0.1871,,,,0.0607,19
id712,22,6,11,33,HM086,6,+,C,C+,id:712,Bot,5,LEFT,FD,3,17-Apr,ADBM,6/7/24,0.1814,,,,0.0619,24
id713,49,26,1,50,HM086,7,+,C,C+,id:713,Bot,4,LEFT,FD,2,17-Apr,ADBM,6/7/24,0.0533,,,,0.0286,11
id714,30,18,6,36,HM086,8,+,C,C+,id:714,Bot,5,LEFT,FD,13,17-Apr,EY,6/7/24,0.0617,,,,0.049,28
id715,0,23,0,0,HM086,1,-,F,F-,id:715,Bot,3,LEFT,MD,5,17-Apr,EY,6/10/24,0.0468,,,,0.0341,26
id716,0,8,0,0,HM086,2,-,F,F-,id:716,Bot,6,LEFT,MD,6,17-Apr,EY,6/7/24,0.1156,,,,0.0629,20
id717,0,11,0,0,HM086,3,-,F,F-,id:717,Bot,2,LEFT,MD,9,17-Apr,EY,6/10/24,0.1229,,,,0.0543,22
id718,0,13,0,0,HM086,4,-,F,F-,id:718,Bot,7,LEFT,MD,10,17-Apr,ADBM,6/7/24,0.2008,,,,0.0638,17
id719,0,8,0,0,HM086,5,-,F,F-,id:719,Bot,4,LEFT,MD,12,17-Apr,ADBM,6/7/24,0.0194,,,,0.0118,8
id722,0,6,0,0,HM086,8,-,F,F-,id:722,Bot,5,LEFT,MD,13,17-Apr,ADBM,6/7/24,0.1106,,,,0.0545,25
id725,0,10,0,0,HM086,3,-,C,C-,id:725,Top,2,RIGHT,MB,9,17-Apr,CYC,6/10/24,0.03,,,,0.019,6
id726,0,1,0,0,HM086,4,-,C,C-,id:726,Top,7,RIGHT,MB,10,17-Apr,ADBM,6/10/24,0.0655,,,,0.0395,22
id727,0,4,0,0,HM086,5,-,C,C-,id:727,Top,4,RIGHT,MB,12,17-Apr,ADBM,6/10/24,0.0455,,,,0.029,15
id728,0,1,0,0,HM086,6,-,C,C-,id:728,Top,5,RIGHT,MB,3,17-Apr,CYC,6/10/24,0.1032,,,,0.0394,20
id729,0,10,0,0,HM086,7,-,C,C-,id:729,Top,4,RIGHT,MB,2,17-Apr,ADBM,6/10/24,0.0474,,,,0.038,17
id730,0,5,0,0,HM086,8,-,C,C-,id:730,Top,5,RIGHT,MB,13,17-Apr,MC,6/10/24,0.0926,,,,0.041,14
id732,11,3,3,14,HM086,2,+,J,J+,id:732,Top,6,RIGHT,MD,6,19-Apr,ADBM,5/31/24,0.0129,,,,0.0063,1
id735,32,3,5,37,HM086,5,+,J,J+,id:735,Top,4,RIGHT,MD,12,19-Apr,ADBM,5/31/24,0.1135,,,,0.0457,17
id736,19,4,11,30,HM086,6,+,J,J+,id:736,Top,5,RIGHT,MD,3,19-Apr,ADBM,5/31/24,0.1563,,,,0.0481,23
id737,14,13,4,18,HM086,7,+,J,J+,id:737,Top,4,RIGHT,MD,2,19-Apr,ADBM,5/31/24,0.3632,,,,0.055,28
id738,39,8,1,40,HM086,8,+,J,J+,id:738,Top,5,RIGHT,MD,13,19-Apr,ADBM,5/31/24,0.0411,,,,0.0382,13
id739,39,6,11,50,HM086,1,+,F,F+,id:739,Mid,3,RIGHT,FB,5,19-Apr,CYC,5/31/24,0.1365,,,,0.0506,29
id740,35,1,0,35,HM086,2,+,F,F+,id:740,Mid,6,RIGHT,FB,6,19-Apr,EY,5/31/24,0.0538,,,,0.0247,10
id741,24,5,3,27,HM086,3,+,F,F+,id:741,Mid,2,RIGHT,FB,9,19-Apr,CYC,5/31/24,0.0304,,,,0.02,14
id742,46,4,2,48,HM086,4,+,F,F+,id:742,Mid,7,RIGHT,FB,10,19-Apr,EY,5/31/24,0.0269,,,,0.0151,9
id743,19,12,4,23,HM086,5,+,F,F+,id:743,Mid,4,RIGHT,FB,12,19-Apr,ADBM,5/31/24,0.1827,,,,0.0325,21
id744,15,19,15,30,HM086,6,+,F,F+,id:744,Mid,5,RIGHT,FB,3,19-Apr,EY,5/31/24,0.2579,,,,0.0376,24
id009,NA,NA,NA,NA,HM145,9,+,USDA1021,Ex. 21 +,id:9,Mid,NA,RIGHT,MD,NA,11-Apr,ADBM,6/12/24,0.0076,ADBM,ADBM,6/28/24,0.001,0
id010,NA,NA,NA,NA,HM145,10,+,USDA1021,Ex. 21 +,id:10,Mid,NA,RIGHT,MD,NA,11-Apr,MC,6/12/24,0.3427,ADBM,ADBM,6/28/24,0.0675,0
id011,NA,NA,NA,NA,HM145,11,+,USDA1021,Ex. 21 +,id:11,Mid,NA,RIGHT,MD,NA,11-Apr,ADBM,6/12/24,0.2234,ADBM,ADBM,6/28/24,0.0539,0
id012,NA,NA,NA,NA,HM145,12,+,USDA1021,Ex. 21 +,id:12,Mid,NA,RIGHT,MD,NA,11-Apr,MC,6/12/24,0.0324,ADBM,ADBM,6/28/24,0.0113,0
id013,NA,NA,NA,NA,HM145,13,+,USDA1021,Ex. 21 +,id:13,Mid,NA,RIGHT,MD,NA,11-Apr,ADBM,6/12/24,0.2413,ADBM,ADBM,6/28/24,0.059,0
id014,NA,NA,NA,NA,HM145,14,+,USDA1021,Ex. 21 +,id:14,Mid,NA,RIGHT,MD,NA,11-Apr,MC,6/12/24,0.0609,ADBM,ADBM,6/28/24,0.0493,0
id015,NA,NA,NA,NA,HM145,15,+,USDA1021,Ex. 21 +,id:15,Mid,NA,RIGHT,MD,NA,11-Apr,ADBM,6/12/24,0.0578,ADBM,ADBM,6/28/24,0.0341,0
id016,NA,NA,NA,NA,HM145,16,+,USDA1021,Ex. 21 +,id:16,Mid,NA,RIGHT,MD,NA,11-Apr,MC,6/12/24,0.2142,ADBM,ADBM,6/28/24,0.0297,0
id017,NA,NA,NA,NA,HM145,17,+,USDA1021,Ex. 21 +,id:17,Mid,NA,RIGHT,MD,NA,11-Apr,ADBM,6/12/24,0.1041,ADBM,ADBM,6/28/24,0.0333,0
id018,NA,NA,NA,NA,HM145,18,+,USDA1021,Ex. 21 +,id:18,Mid,NA,RIGHT,MD,NA,11-Apr,MC,6/12/24,0.2294,ADBM,ADBM,6/28/24,0.0548,0
id019,NA,NA,NA,NA,HM145,19,+,USDA1021,Ex. 21 +,id:19,Mid,NA,RIGHT,MD,NA,11-Apr,ADBM,6/12/24,,,,,NA,0
id028,NA,NA,NA,NA,HM145,9,+,WSM1022,Ex. 22 +,id:28,Bot,NA,LEFT,MD,NA,11-Apr,MC,6/12/24,0.1735,ADBM,ADBM,6/28/24,0.048,0
id029,NA,NA,NA,NA,HM145,10,+,WSM1022,Ex. 22 +,id:29,Bot,NA,LEFT,MD,NA,11-Apr,ADBM,6/12/24,0.0364,ADBM,ADBM,6/28/24,0.0084,0
id030,NA,NA,NA,NA,HM145,11,+,WSM1022,Ex. 22 +,id:30,Bot,NA,LEFT,MD,NA,11-Apr,MC,6/12/24,0.1057,ADBM,ADBM,6/28/24,0.0265,0
id031,NA,NA,NA,NA,HM145,12,+,WSM1022,Ex. 22 +,id:31,Bot,NA,LEFT,MD,NA,11-Apr,ADBM,6/12/24,0.2188,ADBM,ADBM,6/28/24,0.0463,0
id032,NA,NA,NA,NA,HM145,13,+,WSM1022,Ex. 22 +,id:32,Bot,NA,LEFT,MD,NA,11-Apr,MC,6/12/24,0.3275,ADBM,ADBM,6/28/24,0.0654,0
id033,NA,NA,NA,NA,HM145,14,+,WSM1022,Ex. 22 +,id:33,Bot,NA,LEFT,MD,NA,11-Apr,ADBM,6/12/24,0.0485,ADBM,ADBM,6/28/24,0.0143,0
id034,NA,NA,NA,NA,HM145,15,+,WSM1022,Ex. 22 +,id:34,Bot,NA,LEFT,MD,NA,11-Apr,MC,6/12/24,0.179,ADBM,ADBM,6/28/24,0.0571,0
id035,NA,NA,NA,NA,HM145,16,+,WSM1022,Ex. 22 +,id:35,Bot,NA,LEFT,MD,NA,11-Apr,ADBM,6/12/24,0.218,ADBM,ADBM,6/28/24,0.0553,0
id036,NA,NA,NA,NA,HM145,17,+,WSM1022,Ex. 22 +,id:36,Bot,NA,LEFT,MD,NA,11-Apr,MC,6/12/24,0.2429,ADBM,ADBM,6/28/24,0.0596,0
id037,NA,NA,NA,NA,HM145,18,+,WSM1022,Ex. 22 +,id:37,Bot,NA,LEFT,MD,NA,11-Apr,ADBM,6/12/24,0.2042,ADBM,ADBM,6/28/24,0.0559,0
id038,NA,NA,NA,NA,HM145,19,+,WSM1022,Ex. 22 +,id:38,Bot,NA,LEFT,MD,NA,11-Apr,MC,6/12/24,0.0452,ADBM,ADBM,6/28/24,0.0211,0
id047,NA,NA,NA,NA,HM145,9,-,USDA1021,Ex. 21 -,id:47,Top,NA,RIGHT,FD,NA,11-Apr,ADBM,6/12/24,0.1399,ADBM,ADBM,26-Jun,0.0488,0
id048,NA,NA,NA,NA,HM145,10,-,USDA1021,Ex. 21 -,id:48,Top,NA,RIGHT,FD,NA,11-Apr,ADBM,6/12/24,0.2009,ADBM,CZ,,0.0457,0
id049,NA,NA,NA,NA,HM145,11,-,USDA1021,Ex. 21 -,id:49,Top,NA,RIGHT,FD,NA,11-Apr,ADBM,6/12/24,0.0567,ADBM,CZ,,0.0217,0
id050,NA,NA,NA,NA,HM145,12,-,USDA1021,Ex. 21 -,id:50,Top,NA,RIGHT,FD,NA,11-Apr,ADBM,6/12/24,0.2191,ADBM,ADBM,26-Jun,0.058,0
id051,NA,NA,NA,NA,HM145,13,-,USDA1021,Ex. 21 -,id:51,Top,NA,RIGHT,FD,NA,11-Apr,ADBM,6/12/24,0.1937,ADBM,ADBM,26-Jun,0.0635,0
id052,NA,NA,NA,NA,HM145,14,-,USDA1021,Ex. 21 -,id:52,Top,NA,RIGHT,FD,NA,11-Apr,ADBM,6/12/24,0.1879,ADBM,ADBM,26-Jun,0.0502,0
id053,NA,NA,NA,NA,HM145,15,-,USDA1021,Ex. 21 -,id:53,Top,NA,RIGHT,FD,NA,11-Apr,ADBM,6/12/24,0.0936,ADBM,ADBM,26-Jun,0.0273,0
id054,NA,NA,NA,NA,HM145,16,-,USDA1021,Ex. 21 -,id:54,Top,NA,RIGHT,FD,NA,11-Apr,ADBM,6/12/24,0.2301,ADBM,ADBM,26-Jun,0.059,0
id055,NA,NA,NA,NA,HM145,17,-,USDA1021,Ex. 21 -,id:55,Top,NA,RIGHT,FD,NA,11-Apr,ADBM,6/12/24,0.1187,ADBM,CZ,,0.0313,0
id056,NA,NA,NA,NA,HM145,18,-,USDA1021,Ex. 21 -,id:56,Top,NA,RIGHT,FD,NA,11-Apr,ADBM,6/12/24,,,,,NA,0
id057,NA,NA,NA,NA,HM145,19,-,USDA1021,Ex. 21 -,id:57,Top,NA,RIGHT,FD,NA,11-Apr,ADBM,6/12/24,0.0839,ADBM,ADBM,26-Jun,0.0236,0
id066,NA,NA,NA,NA,HM145,9,-,WSM1022,Ex. 22 -,id:66,Bot,NA,LEFT,FD,NA,11-Apr,ADBM,6/12/24,0.3127,ADBM,ADBM,26-Jun,0.0845,0
id067,NA,NA,NA,NA,HM145,10,-,WSM1022,Ex. 22 -,id:67,Bot,NA,LEFT,FD,NA,11-Apr,ADBM,6/12/24,0.3174,ADBM,ADBM,26-Jun,0.0859,0
id068,NA,NA,NA,NA,HM145,11,-,WSM1022,Ex. 22 -,id:68,Bot,NA,LEFT,FD,NA,11-Apr,ADBM,6/12/24,0.1219,ADBM,ADBM,26-Jun,0.0175,0
id069,NA,NA,NA,NA,HM145,12,-,WSM1022,Ex. 22 -,id:69,Bot,NA,LEFT,FD,NA,11-Apr,ADBM,6/12/24,0.0657,ADBM,ADBM,26-Jun,0.0394,0
id070,NA,NA,NA,NA,HM145,13,-,WSM1022,Ex. 22 -,id:70,Bot,NA,LEFT,FD,NA,11-Apr,MC,6/12/24,0.3007,ADBM,ADBM,26-Jun,0.06,0
id071,NA,NA,NA,NA,HM145,14,-,WSM1022,Ex. 22 -,id:71,Bot,NA,LEFT,FD,NA,11-Apr,ADBM,6/12/24,,,,,NA,0
id072,NA,NA,NA,NA,HM145,15,-,WSM1022,Ex. 22 -,id:72,Bot,NA,LEFT,FD,NA,11-Apr,MC,6/12/24,0.1888,ADBM,ADBM,26-Jun,0.0638,0
id073,NA,NA,NA,NA,HM145,16,-,WSM1022,Ex. 22 -,id:73,Bot,NA,LEFT,FD,NA,11-Apr,ADBM,6/12/24,0.1577,ADBM,ADBM,26-Jun,0.0622,0
id074,NA,NA,NA,NA,HM145,17,-,WSM1022,Ex. 22 -,id:74,Bot,NA,LEFT,FD,NA,11-Apr,MC,6/12/24,0.1746,ADBM,ADBM,26-Jun,0.0578,0
id075,NA,NA,NA,NA,HM145,18,-,WSM1022,Ex. 22 -,id:75,Bot,NA,LEFT,FD,NA,11-Apr,ADBM,6/12/24,0.3164,ADBM,ADBM,26-Jun,0.1023,0
id076,NA,NA,NA,NA,HM145,19,-,WSM1022,Ex. 22 -,id:76,Bot,NA,LEFT,FD,NA,11-Apr,MC,6/12/24,0.2327,ADBM,CZ,,0.0498,0
id119,NA,NA,NA,NA,NA,NA,NA,NA,NA,NA,NA,NA,NA,NA,NA,NA,NA,NA,NA,NA,NA,NA,NA,NA
id128,NA,NA,NA,NA,NA,NA,NA,NA,NA,NA,NA,NA,NA,NA,NA,NA,NA,NA,NA,NA,NA,NA,NA,NA
id175,NA,NA,NA,NA,NA,NA,NA,NA,NA,NA,NA,NA,NA,NA,NA,NA,NA,NA,NA,NA,NA,NA,NA,NA
id182,NA,NA,NA,NA,NA,NA,NA,NA,NA,NA,NA,NA,NA,NA,NA,NA,NA,NA,NA,NA,NA,NA,NA,NA
id186,NA,NA,NA,NA,NA,NA,NA,NA,NA,NA,NA,NA,NA,NA,NA,NA,NA,NA,NA,NA,NA,NA,NA,NA
id022,NA,NA,NA,NA,NA,NA,NA,NA,NA,NA,NA,NA,NA,NA,NA,NA,NA,NA,NA,NA,NA,NA,NA,NA
id245,NA,NA,NA,NA,NA,NA,NA,NA,NA,NA,NA,NA,NA,NA,NA,NA,NA,NA,NA,NA,NA,NA,NA,NA
id274,NA,NA,NA,NA,NA,NA,NA,NA,NA,NA,NA,NA,NA,NA,NA,NA,NA,NA,NA,NA,NA,NA,NA,NA
id346,NA,NA,NA,NA,NA,NA,NA,NA,NA,NA,NA,NA,NA,NA,NA,NA,NA,NA,NA,NA,NA,NA,NA,NA
id371,NA,NA,NA,NA,NA,NA,NA,NA,NA,NA,NA,NA,NA,NA,NA,NA,NA,NA,NA,NA,NA,NA,NA,NA
id004,NA,NA,NA,NA,NA,NA,NA,NA,NA,NA,NA,NA,NA,NA,NA,NA,NA,NA,NA,NA,NA,NA,NA,NA
id403,NA,NA,NA,NA,NA,NA,NA,NA,NA,NA,NA,NA,NA,NA,NA,NA,NA,NA,NA,NA,NA,NA,NA,NA
id407,NA,NA,NA,NA,NA,NA,NA,NA,NA,NA,NA,NA,NA,NA,NA,NA,NA,NA,NA,NA,NA,NA,0.0152,NA
id416,NA,NA,NA,NA,NA,NA,NA,NA,NA,NA,NA,NA,NA,NA,NA,NA,NA,NA,NA,NA,NA,NA,NA,NA
id430,NA,NA,NA,NA,NA,NA,NA,NA,NA,NA,NA,NA,NA,NA,NA,NA,NA,NA,NA,NA,NA,NA,NA,NA
id436,NA,NA,NA,NA,NA,NA,NA,NA,NA,NA,NA,NA,NA,NA,NA,NA,NA,NA,NA,NA,NA,NA,NA,NA
id464,NA,NA,NA,NA,NA,NA,NA,NA,NA,NA,NA,NA,NA,NA,NA,NA,NA,NA,NA,NA,NA,NA,NA,NA
id477,NA,NA,NA,NA,NA,NA,NA,NA,NA,NA,NA,NA,NA,NA,NA,NA,NA,NA,NA,NA,NA,NA,NA,NA
id481,NA,NA,NA,NA,NA,NA,NA,NA,NA,NA,NA,NA,NA,NA,NA,NA,NA,NA,NA,NA,NA,NA,NA,NA
id501,NA,NA,NA,NA,NA,NA,NA,NA,NA,NA,NA,NA,NA,NA,NA,NA,NA,NA,NA,NA,NA,NA,NA,NA
id546,NA,NA,NA,NA,NA,NA,NA,NA,NA,NA,NA,NA,NA,NA,NA,NA,NA,NA,NA,NA,NA,NA,NA,NA
id565,NA,NA,NA,NA,NA,NA,NA,NA,NA,NA,NA,NA,NA,NA,NA,NA,NA,NA,NA,NA,NA,NA,NA,NA
id567,NA,NA,NA,NA,NA,NA,NA,NA,NA,NA,NA,NA,NA,NA,NA,NA,NA,NA,NA,NA,NA,NA,NA,NA
id571,NA,NA,NA,NA,NA,NA,NA,NA,NA,NA,NA,NA,NA,NA,NA,NA,NA,NA,NA,NA,NA,NA,NA,NA
id572,NA,NA,NA,NA,NA,NA,NA,NA,NA,NA,NA,NA,NA,NA,NA,NA,NA,NA,NA,NA,NA,NA,NA,NA
id582,NA,NA,NA,NA,NA,NA,NA,NA,NA,NA,NA,NA,NA,NA,NA,NA,NA,NA,NA,NA,NA,NA,NA,NA
id059,NA,NA,NA,NA,NA,NA,NA,NA,NA,NA,NA,NA,NA,NA,NA,NA,NA,NA,NA,NA,NA,NA,NA,NA
id607,NA,NA,NA,NA,NA,NA,NA,NA,NA,NA,NA,NA,NA,NA,NA,NA,NA,NA,NA,NA,NA,NA,NA,NA
id610,NA,NA,NA,NA,NA,NA,NA,NA,NA,NA,NA,NA,NA,NA,NA,NA,NA,NA,NA,NA,NA,NA,NA,NA
id611,NA,NA,NA,NA,NA,NA,NA,NA,NA,NA,NA,NA,NA,NA,NA,NA,NA,NA,NA,NA,NA,NA,NA,NA
id634,NA,NA,NA,NA,NA,NA,NA,NA,NA,NA,NA,NA,NA,NA,NA,NA,NA,NA,NA,NA,NA,NA,NA,NA
id640,NA,NA,NA,NA,NA,NA,NA,NA,NA,NA,NA,NA,NA,NA,NA,NA,NA,NA,NA,NA,NA,NA,NA,NA
id647,NA,NA,NA,NA,NA,NA,NA,NA,NA,NA,NA,NA,NA,NA,NA,NA,NA,NA,NA,NA,NA,NA,NA,NA
id657,NA,NA,NA,NA,NA,NA,NA,NA,NA,NA,NA,NA,NA,NA,NA,NA,NA,NA,NA,NA,NA,NA,NA,NA
id693,NA,NA,NA,NA,NA,NA,NA,NA,NA,NA,NA,NA,NA,NA,NA,NA,NA,NA,NA,NA,NA,NA,NA,NA
id697,NA,NA,NA,NA,NA,NA,NA,NA,NA,NA,NA,NA,NA,NA,NA,NA,NA,NA,NA,NA,NA,NA,NA,NA
id701,NA,NA,NA,NA,NA,NA,NA,NA,NA,NA,NA,NA,NA,NA,NA,NA,NA,NA,NA,NA,NA,NA,NA,NA
id704,NA,NA,NA,NA,NA,NA,NA,NA,NA,NA,NA,NA,NA,NA,NA,NA,NA,NA,NA,NA,NA,NA,NA,NA
id708,NA,NA,NA,NA,NA,NA,NA,NA,NA,NA,NA,NA,NA,NA,NA,NA,NA,NA,NA,NA,NA,NA,NA,NA
id711,NA,NA,NA,NA,NA,NA,NA,NA,NA,NA,NA,NA,NA,NA,NA,NA,NA,NA,NA,NA,NA,NA,NA,NA
id720,NA,NA,NA,NA,NA,NA,NA,NA,NA,NA,NA,NA,NA,NA,NA,NA,NA,NA,NA,NA,NA,NA,NA,NA
id721,NA,NA,NA,NA,NA,NA,NA,NA,NA,NA,NA,NA,NA,NA,NA,NA,NA,NA,NA,NA,NA,NA,NA,NA
id723,NA,NA,NA,NA,NA,NA,NA,NA,NA,NA,NA,NA,NA,NA,NA,NA,NA,NA,NA,NA,NA,NA,NA,NA
id724,NA,NA,NA,NA,NA,NA,NA,NA,NA,NA,NA,NA,NA,NA,NA,NA,NA,NA,NA,NA,NA,NA,NA,NA
id731,NA,NA,NA,NA,NA,NA,NA,NA,NA,NA,NA,NA,NA,NA,NA,NA,NA,NA,NA,NA,NA,NA,NA,NA
id733,NA,NA,NA,NA,NA,NA,NA,NA,NA,NA,NA,NA,NA,NA,NA,NA,NA,NA,NA,NA,NA,NA,NA,NA
id734,NA,NA,NA,NA,NA,NA,NA,NA,NA,NA,NA,NA,NA,NA,NA,NA,NA,NA,NA,NA,NA,NA,NA,NA
id080,NA,NA,NA,NA,NA,NA,NA,NA,NA,NA,NA,NA,NA,NA,NA,NA,NA,NA,NA,NA,NA,NA,NA,NA